country,year,date,latitude,longitude,yield,maxyield,name
China,1964,-164404800,41.5,88.5,NaN,NaN,-
China,1965,-146260800,41.5,88.5,NaN,NaN,-
China,1966,-115156800,41.5,88.5,NaN,NaN,-
China,1966,-100382400,41.5,88.5,NaN,NaN,-
China,1966,-95022000,41.5,88.5,NaN,NaN,-
China,1967,-80251200,40.744,89.775,NaN,NaN,-
China,1967,-63831600,41.5,88.5,NaN,NaN,-
China,1968,-31950000,41.5,88.5,NaN,NaN,-
China,1969,-8712000,41.376,88.318,NaN,NaN,-
China,1969,-8107200,40.722,89.515,NaN,NaN,-
China,1970,24724800,40.52,89.779,NaN,NaN,-
China,1971,59288400,41.5,88.5,NaN,NaN,-
China,1972,63608400,41.5,88.5,NaN,NaN,-
China,1972,69742800,41.5,88.5,NaN,NaN,-
China,1973,110001600,40.7985,89.8091,NaN,NaN,-
China,1974,140673600,40.518,89.619,NaN,NaN,-
China,1975,183618000,41.375,88.326,NaN,NaN,-
China,1976,191221200,41.5,88.5,NaN,NaN,-
China,1976,212558400,41.5,88.5,NaN,NaN,-
China,1976,214372800,41.708,88.37,NaN,NaN,-
China,1976,217054800,40.696,89.627,NaN,NaN,-
China,1977,243316800,41.5,88.5,NaN,NaN,-
China,1978,258786000,41.5,88.5,NaN,NaN,-
China,1978,277185600,41.523,88.722,NaN,NaN,-
China,1978,282459600,41.5,88.5,NaN,NaN,-
China,1979,306043200,41.5,88.5,NaN,NaN,-
China,1980,340516800,40.719,89.651,NaN,NaN,-
China,1982,402638400,41.5,88.5,NaN,NaN,-
China,1983,420868800,41.679,88.368,NaN,NaN,-
China,1983,434260800,41.54,88.72,NaN,NaN,-
China,1984,465624000,41.57,88.73,NaN,NaN,-
China,1984,472280400,41.737,88.425,NaN,NaN,-
China,1987,549864000,41.518,88.713,NaN,NaN,-
China,1988,591508800,41.768,88.38,NaN,NaN,-
China,1990,643694400,41.569,88.701,NaN,NaN,-
China,1990,650779200,41.514,88.739,NaN,NaN,-
China,1992,706420800,41.513,88.774,NaN,NaN,-
China,1992,717393600,41.716,88.336,NaN,NaN,-
China,1993,749793600,41.667,88.695,NaN,NaN,-
China,1994,771220800,41.53,88.71,NaN,NaN,-
China,1994,781502400,41.66,88.75,NaN,NaN,-
China,1995,800510400,41.6,88.82,NaN,NaN,-
China,1995,808632000,41.56,88.8,NaN,NaN,-
China,1996,834206400,41.66,88.69,NaN,NaN,-
China,1996,838612800,41.82,88.42,NaN,NaN,-
France,1960,-311886000,27,0,NaN,NaN,gerb._bleue
France,1960,-307742400,27,0,NaN,NaN,gerb._blanche
France,1960,-284410800,27,0,NaN,NaN,gerb._rouge
France,1961,-274132800,27,0,NaN,NaN,-
France,1961,-257194800,24.0571,5.0521,NaN,NaN,agate
France,1962,-242078400,24.063,5.0418,NaN,NaN,beryl
France,1963,-214344000,24.0413,5.0521,NaN,NaN,emeraude
France,1963,-213307200,24.0433,5.057,NaN,NaN,amethyste
France,1963,-195681600,24.0355,5.0386,NaN,NaN,rubis
France,1964,-185569200,24.0536,5.0523,NaN,NaN,opale
France,1964,-175032000,24.0666,5.0345,NaN,NaN,topaze
France,1964,-160686000,24.0418,5.0416,NaN,NaN,turquoise
France,1965,-152823600,24.0587,5.0311,NaN,NaN,saphir
France,1965,-144878400,24.055,5.0508,NaN,NaN,jade
France,1965,-134164800,24.0649,5.034,NaN,NaN,corindon
France,1965,-128890800,24.0437,5.0469,NaN,NaN,tourmaline
France,1966,-122238000,24.0441,5.0412,NaN,NaN,grenaT
France,1966,-110491200,-22,-139,NaN,NaN,Aldebaron
France,1966,-109022400,-22,-139,NaN,NaN,Tamore
France,1966,-104356800,-22,-139,NaN,NaN,Betelguese
France,1966,-103233600,-22,-139,NaN,NaN,Rigel
France,1966,-102369600,-22,-139,NaN,NaN,Sirus
France,1967,-81288000,-22,-139,NaN,NaN,Altair
France,1967,-79387200,-22,-139,NaN,NaN,Antares
France,1967,-78955200,-22,-139,NaN,NaN,Arcturus
France,1968,-46900800,-22,-139,NaN,NaN,Capella
France,1968,-46209600,-22,-139,NaN,NaN,Castor
France,1968,-44568000,-22,-139,NaN,NaN,Pollux
France,1968,-42753600,-22.228,-138.644,NaN,NaN,Canopus
France,1968,-41457600,-21.821,-138.975,NaN,NaN,Procyon
France,1970,11592000,-22,-139,NaN,NaN,Andromede
France,1970,12196800,-22,-139,NaN,NaN,Cassiopee
France,1970,12888000,-22.309,-138.606,NaN,NaN,Dragon
France,1970,15048000,-22,-139,NaN,NaN,Eridan
France,1970,15825600,-21.935,-138.917,NaN,NaN,Licorne
France,1970,17899200,-22,-139,NaN,NaN,Pegase
France,1970,18417600,-22,-139,NaN,NaN,Orion
France,1970,18763200,-22,-139,NaN,NaN,Toucan
France,1971,44942400,-22,-139,NaN,NaN,Dione
France,1971,45547200,-23.8,-137.2,NaN,NaN,Encelade
France,1971,47448000,-22,-139,NaN,NaN,JapeT
France,1971,50472000,-22,-139,NaN,NaN,Phoebe
France,1971,50990400,-21.823,-138.976,NaN,NaN,Rhea
France,1972,78292800,-22,-139,NaN,NaN,Umbriel
France,1972,78724800,-22,-139,NaN,NaN,Titania
France,1972,81057600,-22,-139,NaN,NaN,Oberon
France,1973,112075200,-22,-139,NaN,NaN,Euterpe
France,1973,112680000,-22,-139,NaN,NaN,Melpomene
France,1973,114494400,-22,-139,NaN,NaN,Pallas
France,1973,115012800,-22,-139,NaN,NaN,Parthenope
France,1973,115358400,-22,-139,NaN,NaN,Tamara
France,1974,140587200,-22,-139,NaN,NaN,Capricorne
France,1974,142401600,-22,-139,NaN,NaN,Gemeaux
France,1974,143265600,-22,-139,NaN,NaN,Centaure
France,1974,143956800,-22,-139,NaN,NaN,Maquis
France,1974,145771200,-22,-139,NaN,NaN,Scorpion
France,1974,146548800,-22,-139,NaN,NaN,Taurue
France,1974,148363200,-22,-139,NaN,NaN,Verseau
France,1975,171172800,-22,-139,NaN,NaN,Achille
France,1975,186210000,-22,-139,NaN,NaN,Hector
France,1976,197355600,-22,-139,NaN,NaN,Patrocle
France,1976,205905600,-21.863,-138.786,NaN,NaN,Menelas
France,1976,215496000,-22,-139,NaN,NaN,Ulysse_A
France,1976,218610000,-22,-139,NaN,NaN,Astanax
France,1977,225176400,-21.84,-138.848,NaN,NaN,Ulysse_B
France,1977,227595600,-21.887,-138.92,NaN,NaN,Nestor
France,1977,228805200,-22,-139,NaN,NaN,Oedipe
France,1977,237009600,-21.783,-138.96,NaN,NaN,Ajax
France,1977,248158800,-22,-139,NaN,NaN,Oreste
France,1977,249195600,-21.884,-138.886,NaN,NaN,Enee
France,1977,251182800,-22,-139,NaN,NaN,Laocoon
France,1978,257403600,-22,-139,NaN,NaN,Polypheme
France,1978,259390800,-21.705,-138.934,NaN,NaN,Pylade
France,1978,259650000,-22,-139,NaN,NaN,Hecube
France,1978,268113600,-22,-139,NaN,NaN,Xanthois
France,1978,269668800,-22,-139,NaN,NaN,Ares
France,1978,270273600,-22,-139,NaN,NaN,Idomenee
France,1978,278830800,-22,-139,NaN,NaN,Schedios
France,1978,281250000,-21.868,-138.95,NaN,NaN,Priam
France,1978,282718800,-22,-139,NaN,NaN,Eteocle
France,1978,282891600,-21.768,-138.934,NaN,NaN,Eumee
France,1979,289112400,-22,-139,NaN,NaN,Penthesilee
France,1979,289803600,-22,-139,NaN,NaN,Philoctete
France,1979,291099600,-21.806,-138.933,NaN,NaN,Agapenor
France,1979,292050000,-21.85,-138.702,NaN,NaN,Polydore
France,1979,298526400,-21.81,-138.809,NaN,NaN,Pyrrhos
France,1979,299476800,-21.818,-138.903,NaN,NaN,Egisthe
France,1979,301723200,-21.88,-138.94,NaN,NaN,Tydee
France,1979,301982400,-21.809,-138.812,NaN,NaN,Palamede
France,1979,311835600,-22,-139,NaN,NaN,Chrysotemis
France,1979,312094800,-22,-139,NaN,NaN,Atree
France,1980,320130000,-22,-139,NaN,NaN,Thysets
France,1980,320907600,-22,-139,NaN,NaN,Adraste
France,1980,322635600,-21.861,-138.939,NaN,NaN,Thesee
France,1980,323413200,-21.845,-138.758,NaN,NaN,Boros
France,1980,323672400,-21.921,-138.799,NaN,NaN,Pelpos
France,1980,329976000,-21.87,-138.899,NaN,NaN,Eurypyle
France,1980,330408000,-22,-139,NaN,NaN,Ilus
France,1980,331704000,-21.849,-138.848,NaN,NaN,Chryses
France,1980,332827200,-21.861,-138.934,NaN,NaN,Asios
France,1980,343976400,-22,-139,NaN,NaN,Laerte
France,1980,344667600,-21.875,-138.939,NaN,NaN,Diomede
France,1981,352098000,-22,-139,NaN,NaN,Broteas
France,1981,352702800,-22,-139,NaN,NaN,Tyro
France,1981,354603600,-21.79,-138.678,NaN,NaN,Iphicles
France,1981,355726800,-21.795,-138.946,NaN,NaN,Clymene
France,1981,363412800,-21.791,-139.046,NaN,NaN,Lyncee
France,1981,363672000,-22,-139,NaN,NaN,Eryx
France,1981,364276800,-22,-139,NaN,NaN,Theras
France,1981,365659200,-21.824,-138.903,NaN,NaN,Agenor
France,1981,373870800,-22,-139,NaN,NaN,Leto
France,1981,374302800,-21.856,-138.954,NaN,NaN,Procles
France,1981,376376400,-21.685,-138.933,NaN,NaN,Cilix
France,1981,376635600,-21.797,-138.927,NaN,NaN,Cadmos
France,1982,383029200,-22,-139,NaN,NaN,Aerope
France,1982,383374800,-22,-139,NaN,NaN,Deiphobe
France,1982,385448400,-21.846,-138.868,NaN,NaN,Rhesos
France,1982,385707600,-22,-139,NaN,NaN,Evevos
France,1982,393998400,-22,-139,NaN,NaN,Laodice
France,1982,394344000,-21.769,-138.946,NaN,NaN,Antilokos
France,1982,396072000,-22,-139,NaN,NaN,Pitane
France,1982,396417600,-21.836,-138.896,NaN,NaN,laios
France,1982,407221200,-22,-139,NaN,NaN,Procris
France,1983,419576400,-21.819,-138.872,NaN,NaN,Eurytos
France,1983,420091200,-22,-139,NaN,NaN,Automedon
France,1983,422683200,-21.861,-138.917,NaN,NaN,Cinyras
France,1983,424756800,-22,-139,NaN,NaN,Burisis
France,1983,425620800,-21.767,-138.871,NaN,NaN,Oxylos
France,1983,427521600,-22,-139,NaN,NaN,Battos
France,1983,428817600,-21.835,-138.829,NaN,NaN,Carnabon
France,1983,439275600,-22,-139,NaN,NaN,Linos
France,1983,439621200,-21.829,-138.928,NaN,NaN,Gyges
France,1984,452836800,-22,-139,NaN,NaN,Demophon
France,1984,453182400,-21.863,-138.901,NaN,NaN,Midas
France,1984,455860800,-22,-139,NaN,NaN,Aristee
France,1984,456206400,-21.849,-138.88,NaN,NaN,Echemos
France,1984,467697600,-22.064,-138.477,NaN,NaN,Machaon
France,1984,468219600,-21.857,-138.92,NaN,NaN,Acaste
France,1984,470725200,-22,-139,NaN,NaN,Miletos
France,1984,471157200,-21.837,-138.89,NaN,NaN,Memnon
France,1985,483681600,-21.829,-138.952,NaN,NaN,Cercyon
France,1985,484372800,-21.831,-138.981,NaN,NaN,Nisos
France,1985,486619200,-21.816,-138.897,NaN,NaN,Talaos
France,1985,486964800,-22,-139,NaN,NaN,Erginos
France,1985,498974400,-22,-139,NaN,NaN,Hero
France,1985,499147200,-21.849,-138.815,NaN,NaN,Codros
France,1985,501656400,-21.802,-138.781,NaN,NaN,Zetes
France,1985,501829200,-21.856,-138.899,NaN,NaN,Megaree
France,1986,514875600,-21.725,-138.941,NaN,NaN,Hyllos
France,1986,515736000,-22,-139,NaN,NaN,Ceto
France,1986,517550400,-22,-139,NaN,NaN,Sthenelos
France,1986,517809600,-21.862,-138.949,NaN,NaN,Galatee
France,1986,531982800,-22,-139,NaN,NaN,hesione
France,1986,532155600,-21.843,-138.927,NaN,NaN,Naupolis
France,1986,534229200,-22,-139,NaN,NaN,Peneleos
France,1986,534574800,-21.833,-138.892,NaN,NaN,Circe
France,1987,547185600,-21.705,-138.581,NaN,NaN,Jocaste
France,1987,548481600,-21.85,-138.913,NaN,NaN,Lycomede
France,1987,549950400,-21.769,-138.874,NaN,NaN,Dirce
France,1987,551246400,-21.865,-138.891,NaN,NaN,Iphpitos
France,1987,561960000,-21.845,-138.907,NaN,NaN,Helenos
France,1987,563086800,-21.791,-138.874,NaN,NaN,Pasiphae
France,1987,564296400,-21.845,-138.941,NaN,NaN,Pelee
France,1987,565160400,-22,-139,NaN,NaN,Danae
France,1988,579326400,-21.833,-138.945,NaN,NaN,Nelee
France,1988,580536000,-21.845,-138.961,NaN,NaN,Niobe
France,1988,582436800,-21.75,-139,NaN,NaN,Antigone
France,1988,583041600,-21.846,-138.911,NaN,NaN,Dejanire
France,1988,593755200,-22,-139,NaN,NaN,Acrisios
France,1988,594709200,-21.793,-138.987,NaN,NaN,Thrasymedes
France,1988,596264400,-21.835,-138.954,NaN,NaN,Pheres
France,1988,596869200,-22.233,-138.74,NaN,NaN,Cycnos
France,1989,610862400,-21.812,-138.884,NaN,NaN,Epeios
France,1989,611640000,-22,-139,NaN,NaN,Tecmessa
France,1989,612849600,-21.842,-138.922,NaN,NaN,Nyctee
France,1989,613454400,-22.217,-138.721,NaN,NaN,Cyzicos
France,1989,625204800,-21.852,-138.912,NaN,NaN,Hypsipyle
France,1989,625813200,-21.793,-138.855,NaN,NaN,Erigone
France,1989,627541200,-21.793,-138.884,NaN,NaN,Tros
France,1989,628146000,-22.251,-138.722,NaN,NaN,Lycos
France,1990,644299200,-21.877,-138.918,NaN,NaN,Telephe
France,1990,644731200,-22,-139,NaN,NaN,Megapentes
France,1990,646372800,-22.215,-138.841,NaN,NaN,Cypselos
France,1990,647064000,-21.85,-139.042,NaN,NaN,Anticlee
France,1990,658558800,-22.258,-138.805,NaN,NaN,Hyrtacos
France,1990,659163600,-21.936,-138.967,NaN,NaN,Thoas
France,1991,673588800,-22,-139,NaN,NaN,MElanippe
France,1991,674539200,-21.832,-139.014,NaN,NaN,Alcinos
France,1991,675489600,-22.256,-138.794,NaN,NaN,Periclymentos
France,1991,676872000,-21.944,-138.988,NaN,NaN,Pitthee
France,1991,678686400,-22,-139,NaN,NaN,Coronis
France,1991,679550400,-21.877,-138.963,NaN,NaN,Lycurgue
France,1995,810273600,-21.85,-138.84,NaN,NaN,-
France,1995,812520000,-22.25,-138.74,NaN,NaN,-
France,1995,814766400,-21.89,-138.98,NaN,NaN,-
France,1995,816930000,-21.88,-139.03,NaN,NaN,-
France,1995,820040400,-21.88,-138.97,NaN,NaN,-
France,1996,822718800,-22.24,-138.82,NaN,NaN,-
India,1974,138081600,27.095,71.752,NaN,NaN,-
India,1998,894859200,27.078,71.719,NaN,NaN,Shakti-1
India,1998,895032000,NaN,NaN,NaN,NaN,Shakti-4
Pakistan,1998,896328000,28.83,64.95,NaN,NaN,-
Pakistan,1998,896500800,28.49,63.73,NaN,NaN,-
UK,1952,-544219200,-20,115,NaN,NaN,Hurricane
UK,1953,-511732800,-28,135,NaN,NaN,Totem 1
UK,1953,-510696000,-28,135,NaN,NaN,Totem 2
UK,1956,-430084800,-20,115,NaN,NaN,Mosaic G1
UK,1956,-427147200,-20,115,NaN,NaN,Mosaic G2
UK,1956,-418507200,-30,132,NaN,NaN,Buffalo
UK,1956,-417902400,-30,132,NaN,NaN,Buffalo
UK,1956,-417297600,-30,132,NaN,NaN,Buffalo
UK,1956,-416347200,-30,132,NaN,NaN,Buffalo
UK,1957,-398635200,1.67,-157.25,NaN,NaN,grapple
UK,1957,-397252800,1.67,-157.25,NaN,NaN,grapple
UK,1957,-395611200,1.67,-157.25,NaN,NaN,grapple
UK,1957,-388094400,-30,132,NaN,NaN,Antler
UK,1957,-387144000,-30,132,NaN,NaN,Antler
UK,1957,-385934400,-30,132,NaN,NaN,Antler
UK,1957,-383338800,1.67,-157.25,NaN,NaN,grapple
UK,1958,-368568000,1.67,-157.25,NaN,NaN,grapple
UK,1958,-358545600,1.67,-157.25,NaN,NaN,grapple
UK,1958,-357595200,1.67,-157.25,NaN,NaN,grapple
UK,1958,-356817600,1.67,-157.25,NaN,NaN,grapple
UK,1958,-355780800,1.67,-157.25,NaN,NaN,grapple
UK,1962,-247345200,37.0413,-116.0287,NaN,NaN,Pampas
UK,1962,-223066800,37.0518,-116.0293,NaN,NaN,Tendrac
UK,1964,-172267200,37.0176,-116.0296,NaN,NaN,CormoranT
UK,1964,-166219200,37,-116,NaN,NaN,Courser
UK,1965,-135979200,37.078,-116.0167,NaN,NaN,Charcoal
UK,1974,138513600,37.1245,-116.0789,NaN,NaN,Fallon
UK,1976,209880000,37.125,-116.082,NaN,NaN,Banon
UK,1978,261118800,37.2335,-116.3685,NaN,NaN,Fondutta
UK,1978,280213200,37.1269,-116.0839,NaN,NaN,Quargel
UK,1979,304747200,37.1212,-116.0666,NaN,NaN,Nessel
UK,1980,325573200,37.2484,-116.4224,NaN,NaN,Colwick
UK,1980,341208000,37.0746,-115.9993,NaN,NaN,Dutchess
UK,1980,345877200,37.3248,-116.3117,NaN,NaN,Serpa
UK,1981,374389200,37.1082,-116.049,NaN,NaN,Rousanne
UK,1982,388558800,37.2558,-116.4224,NaN,NaN,Gibne
UK,1983,419835600,37.1115,-116.0224,NaN,NaN,Armada
UK,1984,452232000,37.1062,-116.0224,NaN,NaN,Mundo
UK,1984,471416400,37.2701,-116.4976,NaN,NaN,EgmonT
UK,1985,502606800,37.0533,-116.0454,NaN,NaN,Kinibito
UK,1986,520056000,37.2646,-116.4993,NaN,NaN,Darwin
UK,1987,553406400,37.1036,-116.0234,NaN,NaN,Midland
UK,1989,629096400,37.2311,-116.4094,NaN,NaN,Barnwell
UK,1990,658558800,37.2274,-116.3712,NaN,NaN,Houston
UK,1991,691131600,37.0965,-116.0696,NaN,NaN,Bristol
USSR,1949,-641937600,50,78,NaN,NaN,joe1
USSR,1951,-576619200,50,78,NaN,NaN,joe2
USSR,1951,-574545600,50,78,NaN,NaN,joe3
USSR,1953,-517176000,50,78,NaN,NaN,joe4_1st_therm
USSR,1953,-516225600,50,78,NaN,NaN,-
USSR,1953,-515275200,50,78,NaN,NaN,-
USSR,1953,-514843200,50,78,NaN,NaN,-
USSR,1953,-514670400,50,78,NaN,NaN,-
USSR,1954,-482788800,64,55,NaN,NaN,-
USSR,1954,-481492800,50,78,NaN,NaN,-
USSR,1954,-481320000,50,78,NaN,NaN,-
USSR,1954,-481147200,50,78,NaN,NaN,-
USSR,1954,-480974400,50,78,NaN,NaN,-
USSR,1954,-480715200,50,78,NaN,NaN,-
USSR,1954,-479764800,50,78,NaN,NaN,-
USSR,1954,-479419200,50,78,NaN,NaN,-
USSR,1954,-479160000,50,78,NaN,NaN,-
USSR,1954,-478814400,50,78,NaN,NaN,-
USSR,1955,-455313600,50,78,NaN,NaN,-
USSR,1955,-454968000,50,78,NaN,NaN,-
USSR,1955,-454708800,50,78,NaN,NaN,-
USSR,1955,-450648000,70.7,54.56,NaN,NaN,-
USSR,1955,-446673600,50,78,NaN,NaN,-
USSR,1955,-445287600,50,78,NaN,NaN,-
USSR,1956,-439066800,46,62,NaN,NaN,-
USSR,1956,-435355200,50,78,NaN,NaN,-
USSR,1956,-434577600,50,78,NaN,NaN,-
USSR,1956,-421444800,50,78,NaN,NaN,-
USSR,1956,-420926400,50,78,NaN,NaN,-
USSR,1956,-420667200,50,78,NaN,NaN,-
USSR,1956,-419976000,50,78,NaN,NaN,-
USSR,1956,-414097200,50,78,NaN,NaN,-
USSR,1956,-411764400,50,78,NaN,NaN,-
USSR,1957,-408654000,49,46,NaN,NaN,-
USSR,1957,-404506800,50,78,NaN,NaN,-
USSR,1957,-402264000,50,78,NaN,NaN,-
USSR,1957,-402004800,50,78,NaN,NaN,-
USSR,1957,-401659200,50,78,NaN,NaN,-
USSR,1957,-401486400,50,78,NaN,NaN,-
USSR,1957,-401140800,50,78,NaN,NaN,-
USSR,1957,-390081600,50,78,NaN,NaN,-
USSR,1957,-389736000,50,78,NaN,NaN,-
USSR,1957,-388699200,70.69,54.8,NaN,NaN,-
USSR,1957,-388180800,50,78,NaN,NaN,-
USSR,1957,-387230400,73,55,NaN,NaN,-
USSR,1957,-387057600,50,78,NaN,NaN,-
USSR,1957,-386193600,73,55,NaN,NaN,-
USSR,1957,-385848000,70.7,54.56,NaN,NaN,-
USSR,1957,-379018800,50,78,NaN,NaN,-
USSR,1958,-378414000,50,78,NaN,NaN,-
USSR,1958,-377290800,50,78,NaN,NaN,-
USSR,1958,-374094000,73,55,NaN,NaN,-
USSR,1958,-373748400,73,55,NaN,NaN,-
USSR,1958,-373748400,73,55,NaN,NaN,-
USSR,1958,-372542400,50,78,NaN,NaN,-
USSR,1958,-372456000,50,78,NaN,NaN,-
USSR,1958,-372456000,73,55,NaN,NaN,-
USSR,1958,-372369600,50,78,NaN,NaN,-
USSR,1958,-372110400,50,78,NaN,NaN,-
USSR,1958,-371937600,50,78,NaN,NaN,-
USSR,1958,-371851200,73,55,NaN,NaN,-
USSR,1958,-371764800,50,78,NaN,NaN,-
USSR,1958,-355176000,73,55,NaN,NaN,-
USSR,1958,-355176000,73,55,NaN,NaN,-
USSR,1958,-355003200,73,55,NaN,NaN,-
USSR,1958,-355003200,73,55,NaN,NaN,-
USSR,1958,-354830400,73,55,NaN,NaN,-
USSR,1958,-354744000,73,55,NaN,NaN,-
USSR,1958,-354657600,73,55,NaN,NaN,-
USSR,1958,-354312000,73,55,NaN,NaN,-
USSR,1958,-354139200,73,55,NaN,NaN,-
USSR,1958,-353880000,73,55,NaN,NaN,-
USSR,1958,-353620800,73,55,NaN,NaN,-
USSR,1958,-353534400,73,55,NaN,NaN,-
USSR,1958,-353534400,73,55,NaN,NaN,-
USSR,1958,-353448000,73,55,NaN,NaN,-
USSR,1958,-353361600,73,55,NaN,NaN,-
USSR,1958,-353275200,73,55,NaN,NaN,-
USSR,1958,-353102400,73,55,NaN,NaN,-
USSR,1958,-353016000,73,55,NaN,NaN,-
USSR,1958,-353016000,73,55,NaN,NaN,-
USSR,1958,-352411200,49,46,NaN,NaN,-
USSR,1958,-352234800,49,46,NaN,NaN,-
USSR,1961,-262987200,50,78,NaN,NaN,-
USSR,1961,-262728000,50,78,NaN,NaN,-
USSR,1961,-262641600,50,78,NaN,NaN,-
USSR,1961,-262555200,50,78,NaN,NaN,-
USSR,1961,-262555200,49,46,NaN,NaN,-
USSR,1961,-262296000,50,78,NaN,NaN,-
USSR,1961,-262209600,73,55,NaN,NaN,-
USSR,1961,-262209600,50,78,NaN,NaN,-
USSR,1961,-262209600,74.2,52.5,NaN,NaN,-
USSR,1961,-262123200,50,78,NaN,NaN,-
USSR,1961,-262036800,74.2,52.1,NaN,NaN,-
USSR,1961,-261950400,50,78,NaN,NaN,-
USSR,1961,-261950400,70.87,53.33,NaN,NaN,-
USSR,1961,-261864000,50,78,NaN,NaN,-
USSR,1961,-261864000,74.6,51.1,NaN,NaN,-
USSR,1961,-261691200,74,51.9,NaN,NaN,-
USSR,1961,-261604800,50,78,NaN,NaN,-
USSR,1961,-261518400,50,78,NaN,NaN,-
USSR,1961,-261518400,50,78,NaN,NaN,-
USSR,1961,-261518400,74,52,NaN,NaN,-
USSR,1961,-261432000,50,78,NaN,NaN,-
USSR,1961,-261345600,50,78,NaN,NaN,-
USSR,1961,-261345600,73,55,NaN,NaN,-
USSR,1961,-261259200,50,78,NaN,NaN,-
USSR,1961,-261172800,73,55,NaN,NaN,-
USSR,1961,-260827200,50,78,NaN,NaN,-
USSR,1961,-260395200,50,78,NaN,NaN,-
USSR,1961,-260308800,73,55,NaN,NaN,-
USSR,1961,-260136000,50,78,NaN,NaN,-
USSR,1961,-260136000,73.7,53.8,NaN,NaN,-
USSR,1961,-259963200,49,46,NaN,NaN,-
USSR,1961,-259963200,74.3,51.6,NaN,NaN,-
USSR,1961,-259790400,73,55,NaN,NaN,-
USSR,1961,-259531200,49.7727,77.995,NaN,NaN,-
USSR,1961,-259444800,50,78,NaN,NaN,-
USSR,1961,-259012800,50,78,NaN,NaN,-
USSR,1961,-258840000,50,78,NaN,NaN,-
USSR,1961,-258753600,73.8,53.2,NaN,NaN,-
USSR,1961,-258494400,73.9,53.8,NaN,NaN,-
USSR,1961,-258494400,70.7,54.56,NaN,NaN,-
USSR,1961,-258321600,73,55,NaN,NaN,-
USSR,1961,-258321600,50,78,NaN,NaN,-
USSR,1961,-258148800,49,46,NaN,NaN,-
USSR,1961,-258148800,49,46,NaN,NaN,-
USSR,1961,-258148800,70.7,54.67,NaN,NaN,-
USSR,1961,-257889600,50,78,NaN,NaN,-
USSR,1961,-257889600,73.8,53.5,NaN,NaN,-
USSR,1961,-257803200,73,55,NaN,NaN,-
USSR,1961,-257803200,73.6,56.2,NaN,NaN,-
USSR,1961,-257716800,50,78,NaN,NaN,-
USSR,1961,-257630400,73,55,NaN,NaN,-
USSR,1961,-257630400,73,55,NaN,NaN,-
USSR,1961,-257630400,50,78,NaN,NaN,-
USSR,1961,-257544000,50,78,NaN,NaN,-
USSR,1961,-257544000,50,78,NaN,NaN,-
USSR,1961,-257457600,73,55,NaN,NaN,-
USSR,1961,-257457600,73,55,NaN,NaN,-
USSR,1961,-257457600,50,78,NaN,NaN,-
USSR,1961,-257457600,73.7,55.7,NaN,NaN,-
USSR,1962,-249678000,49.7775,78.0016,NaN,NaN,-
USSR,1962,-234129600,50,78,NaN,NaN,-
USSR,1962,-233956800,50,78,NaN,NaN,-
USSR,1962,-233870400,50,78,NaN,NaN,-
USSR,1962,-233784000,74.2,52.5,NaN,NaN,-
USSR,1962,-233611200,50,78,NaN,NaN,-
USSR,1962,-233352000,73,55,NaN,NaN,-
USSR,1962,-232660800,50,78,NaN,NaN,-
USSR,1962,-232660800,50,78,NaN,NaN,-
USSR,1962,-232488000,74.3,51.5,NaN,NaN,-
USSR,1962,-232401600,50,78,NaN,NaN,-
USSR,1962,-232315200,73,55,NaN,NaN,-
USSR,1962,-232315200,50,78,NaN,NaN,-
USSR,1962,-232315200,71,53.5,NaN,NaN,-
USSR,1962,-232228800,50,78,NaN,NaN,-
USSR,1962,-232056000,50,78,NaN,NaN,-
USSR,1962,-232056000,73,55,NaN,NaN,-
USSR,1962,-231883200,50,78,NaN,NaN,-
USSR,1962,-231883200,74.7,50.3,NaN,NaN,-
USSR,1962,-231537600,50,78,NaN,NaN,-
USSR,1962,-231364800,73,55,NaN,NaN,-
USSR,1962,-230846400,73.7,53.8,NaN,NaN,-
USSR,1962,-230241600,74.4,51.5,NaN,NaN,-
USSR,1962,-230155200,74.2,51.6,NaN,NaN,-
USSR,1962,-229982400,73.2,54.7,NaN,NaN,-
USSR,1962,-229896000,73.8,53.8,NaN,NaN,-
USSR,1962,-229723200,73,55,NaN,NaN,-
USSR,1962,-229636800,50,78,NaN,NaN,-
USSR,1962,-229464000,50,78,NaN,NaN,-
USSR,1962,-229377600,50,78,NaN,NaN,-
USSR,1962,-229377600,73.7,55,NaN,NaN,-
USSR,1962,-229204800,74.3,52.4,NaN,NaN,-
USSR,1962,-229118400,50,78,NaN,NaN,-
USSR,1962,-228340800,73,55,NaN,NaN,-
USSR,1962,-228168000,50,78,NaN,NaN,-
USSR,1962,-228168000,73,55,NaN,NaN,-
USSR,1962,-228081600,50,78,NaN,NaN,-
USSR,1962,-227822400,50,78,NaN,NaN,-
USSR,1962,-227736000,50,78,NaN,NaN,-
USSR,1962,-227217600,50,78,NaN,NaN,-
USSR,1962,-227044800,49,46,NaN,NaN,-
USSR,1962,-227044800,73.4,54.9,NaN,NaN,-
USSR,1962,-226612800,73,55,NaN,NaN,-
USSR,1962,-226526400,50,78,NaN,NaN,-
USSR,1962,-226526400,49,46,NaN,NaN,-
USSR,1962,-226526400,50,78,NaN,NaN,-
USSR,1962,-226440000,73,55,NaN,NaN,-
USSR,1962,-226353600,50,78,NaN,NaN,-
USSR,1962,-226353600,73,55,NaN,NaN,-
USSR,1962,-226267200,50,78,NaN,NaN,-
USSR,1962,-226180800,73,55,NaN,NaN,-
USSR,1962,-226180800,49,46,NaN,NaN,-
USSR,1962,-226180800,50,78,NaN,NaN,-
USSR,1962,-226008000,50,78,NaN,NaN,-
USSR,1962,-226008000,73,55,NaN,NaN,-
USSR,1962,-226008000,73,55,NaN,NaN,-
USSR,1962,-225921600,50,78,NaN,NaN,-
USSR,1962,-225831600,50,78,NaN,NaN,-
USSR,1962,-225313200,50,78,NaN,NaN,-
USSR,1962,-225140400,50,78,NaN,NaN,-
USSR,1962,-225054000,50,78,NaN,NaN,-
USSR,1962,-224794800,50,78,NaN,NaN,-
USSR,1962,-224190000,50,78,NaN,NaN,-
USSR,1962,-224017200,50,78,NaN,NaN,-
USSR,1962,-223585200,50,78,NaN,NaN,-
USSR,1962,-222116400,73,55,NaN,NaN,-
USSR,1962,-222116400,73,55,NaN,NaN,-
USSR,1962,-221943600,73,55,NaN,NaN,-
USSR,1962,-221770800,73,55,NaN,NaN,-
USSR,1962,-221684400,73,55,NaN,NaN,-
USSR,1962,-221684400,73,55,NaN,NaN,-
USSR,1962,-221684400,50,78,NaN,NaN,-
USSR,1962,-221684400,73,55,NaN,NaN,-
USSR,1962,-221598000,50,78,NaN,NaN,-
USSR,1962,-221598000,50,78,NaN,NaN,-
USSR,1962,-221598000,74.2,52.3,NaN,NaN,-
USSR,1962,-221598000,73.6,57.5,NaN,NaN,-
USSR,1962,-221511600,73,55,NaN,NaN,-
USSR,1962,-221511600,73.4,56.5,NaN,NaN,-
USSR,1964,-182980800,49.816,78.0752,NaN,NaN,-
USSR,1964,-177624000,49.8077,78.102,NaN,NaN,-
USSR,1964,-175809600,49.7747,77.9881,NaN,NaN,-
USSR,1964,-172094400,49.8091,78.0929,NaN,NaN,-
USSR,1964,-169502400,49.8206,78.0819,NaN,NaN,-
USSR,1964,-166824000,73.667,54.533,NaN,NaN,-
USSR,1964,-165787200,50,78,NaN,NaN,-
USSR,1964,-163627200,73.387,54.985,NaN,NaN,-
USSR,1964,-161722800,49.8087,78.1334,NaN,NaN,-
USSR,1965,-156538800,49.935,79.0094,NaN,NaN,PNE:Chagan 1004
USSR,1965,-154810800,49.7731,77.9914,NaN,NaN,-
USSR,1965,-152478000,49.8247,78.0527,NaN,NaN,-
USSR,1965,-150408000,49.7747,77.9881,NaN,NaN,-
USSR,1965,-150148800,52.9,56.5,NaN,NaN,PNE:Butane 1-1
USSR,1965,-146520000,49.7702,77.9943,NaN,NaN,-
USSR,1965,-143928000,52.9,56.5,NaN,NaN,PNE:Butane 1-2
USSR,1965,-143323200,49.8284,78.0669,NaN,NaN,-
USSR,1965,-139694400,49.7797,77.9981,NaN,NaN,-
USSR,1965,-135374400,49.8116,78.1467,NaN,NaN,-
USSR,1965,-133560000,49.8259,78.1114,NaN,NaN,-
USSR,1965,-133041600,49.9906,77.6357,NaN,NaN,PNE:Sary-Uzen 1003
USSR,1965,-129754800,49.8192,78.0636,NaN,NaN,-
USSR,1965,-126903600,49.8045,78.1067,NaN,NaN,-
USSR,1966,-122497200,49.8089,78.121,NaN,NaN,-
USSR,1966,-119476800,49.7616,78.0239,NaN,NaN,-
USSR,1966,-116712000,49.8097,78.1,NaN,NaN,-
USSR,1966,-116625600,47.829,47.935,NaN,NaN,PNE:Azgir A-1
USSR,1966,-115329600,49.7429,78.105,NaN,NaN,-
USSR,1966,-110750400,49.8344,78.0734,NaN,NaN,-
USSR,1966,-108849600,49.7367,78.097,NaN,NaN,-
USSR,1966,-107553600,49.7643,78.0424,NaN,NaN,-
USSR,1966,-106344000,49.8271,78.1088,NaN,NaN,-
USSR,1966,-104702400,49.8288,78.0638,NaN,NaN,-
USSR,1966,-102715200,38.968,64.517,NaN,NaN,PNE:Urtabulak
USSR,1966,-101073600,49.7471,78.0205,NaN,NaN,-
USSR,1966,-100382400,73,55,NaN,NaN,-
USSR,1966,-100382400,73.387,54.836,NaN,NaN,-
USSR,1966,-100209600,49.7847,77.9994,NaN,NaN,-
USSR,1966,-98391600,49.8297,78.0575,NaN,NaN,-
USSR,1966,-97182000,49.7469,78.0334,NaN,NaN,-
USSR,1966,-95886000,49.9246,77.7472,NaN,NaN,-
USSR,1967,-92170800,49.7674,77.9914,NaN,NaN,-
USSR,1967,-89838000,49.7457,78.0823,NaN,NaN,-
USSR,1967,-87508800,49.7536,78.063,NaN,NaN,-
USSR,1967,-85262400,49.7416,78.1054,NaN,NaN,-
USSR,1967,-81979200,49.7564,78.0169,NaN,NaN,-
USSR,1967,-79214400,49.8167,78.049,NaN,NaN,-
USSR,1967,-77832000,49.8359,78.1182,NaN,NaN,-
USSR,1967,-76104000,49.7603,78.0555,NaN,NaN,-
USSR,1967,-73598400,49.7419,78.0256,NaN,NaN,-
USSR,1967,-72388800,49.9372,77.7281,NaN,NaN,-
USSR,1967,-71870400,49.9596,77.6911,NaN,NaN,-
USSR,1967,-70660800,57.7,65.2,NaN,NaN,PNE:Tawda
USSR,1967,-69710400,49.7809,78.0038,NaN,NaN,-
USSR,1967,-69364800,73.39,54.81,NaN,NaN,-
USSR,1967,-68587200,49.7944,78.0079,NaN,NaN,-
USSR,1967,-66596400,49.9419,77.6868,NaN,NaN,-
USSR,1967,-65214000,49.8171,78.1638,NaN,NaN,-
USSR,1968,-62622000,49.7544,78.0309,NaN,NaN,-
USSR,1968,-53294400,49.8452,78.1032,NaN,NaN,-
USSR,1968,-50961600,38.918,65.032,NaN,NaN,PNE:Pamuk
USSR,1968,-50788800,50,78,NaN,NaN,-
USSR,1968,-49147200,49.793,78.1451,NaN,NaN,-
USSR,1968,-48456000,49.9803,78.9855,NaN,NaN,-
USSR,1968,-47419200,47.909,47.912,NaN,NaN,PNE:Azgir A-2-1
USSR,1968,-46468800,49.7547,78.0899,NaN,NaN,-
USSR,1968,-43099200,49.8226,78.0745,NaN,NaN,-
USSR,1968,-41716800,49.7416,78.0756,NaN,NaN,-
USSR,1968,-39643200,49.812,78.1219,NaN,NaN,-
USSR,1968,-37742400,49.7279,78.4863,NaN,NaN,PNE:Telkem 1
USSR,1968,-37051200,49.8333,78.0928,NaN,NaN,-
USSR,1968,-36270000,73.387,54.858,NaN,NaN,-
USSR,1968,-36097200,49.8005,78.1391,NaN,NaN,-
USSR,1968,-35838000,49.7124,78.4613,NaN,NaN,PNE:Telkem 2
USSR,1968,-32727600,49.7459,78.092,NaN,NaN,-
USSR,1969,-25902000,49.8215,78.0627,NaN,NaN,-
USSR,1969,-23486400,49.7533,78.0536,NaN,NaN,-
USSR,1969,-22708800,49.7356,78.1047,NaN,NaN,-
USSR,1969,-19857600,49.7594,78.0758,NaN,NaN,-
USSR,1969,-18561600,49.9503,77.6942,NaN,NaN,-
USSR,1969,-15624000,49.746,78.1113,NaN,NaN,-
USSR,1969,-13982400,49.8156,78.1296,NaN,NaN,-
USSR,1969,-10440000,57.22,55.393,NaN,NaN,PNE:Grifon-1
USSR,1969,-9921600,57.22,55.417,NaN,NaN,PNE:Grifon-2
USSR,1969,-9662400,49.7763,77.9967,NaN,NaN,-
USSR,1969,-8366400,45.848,42.6,NaN,NaN,PNE:Stavropol
USSR,1969,-7934400,49.7825,78.0983,NaN,NaN,-
USSR,1969,-6811200,73.39,54.787,NaN,NaN,-
USSR,1969,-5428800,50,78,NaN,NaN,-
USSR,1969,-3006000,49.8367,78.0597,NaN,NaN,-
USSR,1969,-2746800,49.9243,78.9558,NaN,NaN,-
USSR,1969,-2228400,43.867,54.8,NaN,NaN,PNE:Mangyshlak-1
USSR,1969,-327600,49.9373,77.7142,NaN,NaN,-
USSR,1969,-241200,49.7337,78.1023,NaN,NaN,-
USSR,1970,2437200,49.7956,78.1239,NaN,NaN,-
USSR,1970,4165200,50,78,NaN,NaN,-
USSR,1970,7362000,49.7478,77.999,NaN,NaN,-
USSR,1970,12628800,49.7313,78.0986,NaN,NaN,-
USSR,1970,15134400,52.2,55.7,NaN,NaN,PNE:Magistral
USSR,1970,15393600,50,78,NaN,NaN,-
USSR,1970,15393600,49.8015,78.1068,NaN,NaN,-
USSR,1970,17380800,49.9524,77.6729,NaN,NaN,-
USSR,1970,17640000,49.8097,78.1284,NaN,NaN,-
USSR,1970,21441600,50,78,NaN,NaN,-
USSR,1970,21441600,49.7598,78.0054,NaN,NaN,-
USSR,1970,24724800,73.304,55.027,NaN,NaN,-
USSR,1970,26542800,49.9892,77.7624,NaN,NaN,-
USSR,1970,29826000,43.85,54.8,NaN,NaN,PNE:Mangyshlak-2
USSR,1970,30258000,49.7456,78.0992,NaN,NaN,-
USSR,1970,30776400,44.025,54.933,NaN,NaN,PNE:Mangyshlak-3
USSR,1971,33973200,49.8053,78.1686,NaN,NaN,-
USSR,1971,38466000,50,78,NaN,NaN,-
USSR,1971,38466000,49.7985,78.109,NaN,NaN,-
USSR,1971,38552400,61.4,56.2,NaN,NaN,PNE:Taiga
USSR,1971,40021200,49.8322,78.0386,NaN,NaN,PNE
USSR,1971,41403600,49.7685,78.0339,NaN,NaN,-
USSR,1971,43992000,49.8016,78.1388,NaN,NaN,-
USSR,1971,45028800,49.9754,77.6603,NaN,NaN,-
USSR,1971,46152000,49.969,77.6408,NaN,NaN,-
USSR,1971,47102400,49.946,78.9805,NaN,NaN,-
USSR,1971,47275200,67.283,63.467,NaN,NaN,PNE:Globe-4
USSR,1971,47966400,64.167,55.267,NaN,NaN,PNE:Globe-3
USSR,1971,54100800,57.508,42.643,NaN,NaN,PNE:Globe-1
USSR,1971,54792000,73.393,54.92,NaN,NaN,-
USSR,1971,55396800,61.358,48.092,NaN,NaN,PNE:Globe-2
USSR,1971,55828800,49.9779,77.6414,NaN,NaN,-
USSR,1971,56865600,49.9738,77.5973,NaN,NaN,-
USSR,1971,56952000,51.6,54.45,NaN,NaN,PNE:Sapphire-1
USSR,1971,60238800,49.7434,78.0785,NaN,NaN,-
USSR,1971,61621200,49.8264,77.9973,NaN,NaN,-
USSR,1971,62226000,47.897,48.133,NaN,NaN,PNE:Azgir A-3-1
USSR,1971,62917200,50,78,NaN,NaN,-
USSR,1971,62917200,49.76,78.0371,NaN,NaN,-
USSR,1972,66546000,50.0243,78.8781,NaN,NaN,-
USSR,1972,69051600,49.7453,78.1197,NaN,NaN,-
USSR,1972,70606800,49.7331,78.0757,NaN,NaN,-
USSR,1972,71816400,37.35,62.05,NaN,NaN,PNE:Crater
USSR,1972,72594000,50,78,NaN,NaN,-
USSR,1972,76737600,50,78,NaN,NaN,-
USSR,1972,76737600,49.8268,78.1155,NaN,NaN,-
USSR,1972,79243200,49.7375,78.1101,NaN,NaN,-
USSR,1972,79502400,49.8,35.4,NaN,NaN,PNE:Fakel
USSR,1972,81057600,73,55,NaN,NaN,-
USSR,1972,82785600,49.7655,78.0588,NaN,NaN,-
USSR,1972,83131200,49.4,48.142,NaN,NaN,PNE:Region-3
USSR,1972,83649600,49.982,77.7166,NaN,NaN,-
USSR,1972,83822400,73.388,54.847,NaN,NaN,-
USSR,1972,84254400,49.9594,77.6409,NaN,NaN,-
USSR,1972,84427200,67.75,33.1,NaN,NaN,PNE:Dnepr-1
USSR,1972,85896000,52.118,52.068,NaN,NaN,PNE:Region-1
USSR,1972,86932800,46.853,44.938,NaN,NaN,PNE:Region-4
USSR,1972,89528400,49.927,78.8173,NaN,NaN,-
USSR,1972,91429200,51.99,51.867,NaN,NaN,PNE:Region-2
USSR,1972,91429200,51.842,64.21,NaN,NaN,PNE:Region-5
USSR,1972,92811600,49.8194,78.0582,NaN,NaN,-
USSR,1972,92811600,50.027,78.9956,NaN,NaN,-
USSR,1972,94366800,49.7392,78.1063,NaN,NaN,-
USSR,1973,98686800,49.816,78.116,NaN,NaN,-
USSR,1973,104043600,49.984,77.614,NaN,NaN,-
USSR,1973,111124800,49.792,78.042,NaN,NaN,-
USSR,1973,112248000,49.966,78.81,NaN,NaN,-
USSR,1973,114235200,42.775,67.408,NaN,NaN,PNE:Meridian-3
USSR,1973,115358400,50.527,68.323,NaN,NaN,PNE:Meridian-1
USSR,1973,116654400,73.314,55.056,NaN,NaN,-
USSR,1973,117259200,45.758,67.825,NaN,NaN,PNE:Meridian-2
USSR,1973,117345600,50,78,NaN,NaN,-
USSR,1973,117950400,70.731,53.836,NaN,NaN,-
USSR,1973,118209600,51.65,54.55,NaN,NaN,PNE:Sapphire-2
USSR,1973,120456000,49.753,78.122,NaN,NaN,-
USSR,1973,120456000,53.65,55.4,NaN,NaN,PNE:Kama-2
USSR,1973,120542400,70.78,54.035,NaN,NaN,-
USSR,1973,121237200,50.0716,78.9362,NaN,NaN,-
USSR,1973,124693200,50.054,78.987,NaN,NaN,-
USSR,1973,126162000,49.7394,78.0863,NaN,NaN,-
USSR,1974,128750400,49.845,78.051,NaN,NaN,-
USSR,1974,131256000,50,78,NaN,NaN,-
USSR,1974,135316800,50.039,78.946,NaN,NaN,-
USSR,1974,137908800,49.745,78.053,NaN,NaN,-
USSR,1974,139204800,49.953,78.846,NaN,NaN,-
USSR,1974,141364800,49.844,78.111,NaN,NaN,-
USSR,1974,142488000,53.7,55.1,NaN,NaN,PNE:Kama-1
USSR,1974,142660800,49.772,78.088,NaN,NaN,-
USSR,1974,144302400,49.9375,78.9358,NaN,NaN,-
USSR,1974,145684800,68.903,75.823,NaN,NaN,PNE:Horizon-2
USSR,1974,146980800,73.397,54.905,NaN,NaN,-
USSR,1974,146980800,67.085,62.625,NaN,NaN,PNE:Horizon-1
USSR,1974,148276800,49.775,78.036,NaN,NaN,-
USSR,1974,149918400,66.1,112.65,NaN,NaN,PNE:Crystal
USSR,1974,151128000,49.985,78.896,NaN,NaN,-
USSR,1974,152600400,70.81,53.91,NaN,NaN,-
USSR,1974,154846800,50,78,NaN,NaN,-
USSR,1974,155624400,49.9,77.65,NaN,NaN,PNE:Lazurite
USSR,1974,156402000,49.787,78.092,NaN,NaN,-
USSR,1974,156402000,49.858,78.053,NaN,NaN,PNE
USSR,1974,157352400,49.949,79.011,NaN,NaN,-
USSR,1975,162104400,50,78,NaN,NaN,-
USSR,1975,162104400,49.781,78.019,NaN,NaN,-
USSR,1975,163742400,49.74,78.102,NaN,NaN,-
USSR,1975,167630400,47.909,47.912,NaN,NaN,PNE:Azgir A-2-2
USSR,1975,167803200,49.955,78.926,NaN,NaN,-
USSR,1975,171432000,49.757,78.008,NaN,NaN,-
USSR,1975,173332800,50.001,78.996,NaN,NaN,-
USSR,1975,174628800,49.7914,78.0944,NaN,NaN,-
USSR,1975,176616000,49.808,78.12,NaN,NaN,-
USSR,1975,177048000,70.763,126.953,NaN,NaN,PNE:Horizon-4
USSR,1975,177998400,73.334,54.682,NaN,NaN,-
USSR,1975,181195200,69.578,90.337,NaN,NaN,PNE:Horizon-3
USSR,1975,181713600,49.7831,78.0867,NaN,NaN,-
USSR,1975,182836800,73,55,NaN,NaN,-
USSR,1975,182836800,70.816,53.753,NaN,NaN,-
USSR,1975,183096000,73.307,55.01,NaN,NaN,-
USSR,1975,183790800,49.955,78.877,NaN,NaN,-
USSR,1975,187678800,49.806,78.121,NaN,NaN,-
USSR,1975,188715600,50.051,78.813,NaN,NaN,-
USSR,1976,190530000,49.817,78.161,NaN,NaN,-
USSR,1976,195886800,49.7556,78.0992,NaN,NaN,-
USSR,1976,196923600,47.897,48.133,NaN,NaN,PNE:Azgir A-3-2
USSR,1976,197960400,49.755,78.0475,NaN,NaN,-
USSR,1976,198910800,49.773,78.109,NaN,NaN,-
USSR,1976,198910800,49.906,78.827,NaN,NaN,-
USSR,1976,201326400,49.789,78.019,NaN,NaN,-
USSR,1976,203140800,50.002,79.025,NaN,NaN,-
USSR,1976,205300800,49.912,78.908,NaN,NaN,-
USSR,1976,206942400,49.774,78.046,NaN,NaN,-
USSR,1976,207460800,47.87,48.15,NaN,NaN,PNE:Azgir A-4
USSR,1976,207979200,49.87,77.7,NaN,NaN,-
USSR,1976,210052800,49.979,78.928,NaN,NaN,-
USSR,1976,212817600,73.36,54.871,NaN,NaN,-
USSR,1976,214632000,73.398,54.812,NaN,NaN,-
USSR,1976,215496000,49.825,78.022,NaN,NaN,-
USSR,1976,216018000,61.458,112.86,NaN,NaN,PNE:Oka
USSR,1976,217573200,50.013,78.962,NaN,NaN,-
USSR,1976,218782800,50,78,NaN,NaN,-
USSR,1976,218782800,49.927,78.847,NaN,NaN,-
USSR,1976,220770000,49.795,78.03,NaN,NaN,-
USSR,1977,228459600,50,78,NaN,NaN,-
USSR,1977,228459600,49.781,78.042,NaN,NaN,-
USSR,1977,230788800,49.811,78.107,NaN,NaN,-
USSR,1977,233726400,49.932,78.774,NaN,NaN,-
USSR,1977,236404800,50.033,78.861,NaN,NaN,-
USSR,1977,238737600,69.575,90.375,NaN,NaN,PNE:Meteorite-2
USSR,1977,239083200,49.754,78.057,NaN,NaN,-
USSR,1977,240033600,50.955,110.983,NaN,NaN,PNE:Meterorite-5
USSR,1977,240638400,49.817,78.128,NaN,NaN,-
USSR,1977,240897600,64.108,99.558,NaN,NaN,PNE:Meteorite-3
USSR,1977,241934400,73.339,54.619,NaN,NaN,-
USSR,1977,242280000,50.048,78.923,NaN,NaN,-
USSR,1977,242712000,57.251,106.551,NaN,NaN,PNE:Meteorite-4
USSR,1977,244440000,47.897,48.161,NaN,NaN,PNE:Azgir A-5
USSR,1977,245217600,73.409,54.927,NaN,NaN,-
USSR,1977,245649600,47.909,47.912,NaN,NaN,PNE:Azgir A-2-3
USSR,1977,246945600,49.827,78.091,NaN,NaN,-
USSR,1977,246945600,50.068,78.977,NaN,NaN,-
USSR,1977,247032000,47.909,47.912,NaN,NaN,PNE:Azgir A-2-4
USSR,1977,248158800,50.0522,78.8644,NaN,NaN,-
USSR,1977,249454800,49.7544,78.0503,NaN,NaN,-
USSR,1977,249714000,49.966,78.89,NaN,NaN,-
USSR,1977,251960400,50,78,NaN,NaN,-
USSR,1977,251960400,49.843,78.07,NaN,NaN,-
USSR,1978,259131600,49.945,77.704,NaN,NaN,-
USSR,1978,259736400,49.766,78.008,NaN,NaN,-
USSR,1978,262069200,49.756,78.14,NaN,NaN,-
USSR,1978,264830400,50,78,NaN,NaN,-
USSR,1978,265262400,49.762,78.092,NaN,NaN,-
USSR,1978,265608000,50,78,NaN,NaN,-
USSR,1978,266385600,49.903,78.791,NaN,NaN,-
USSR,1978,268459200,49.896,78.868,NaN,NaN,-
USSR,1978,270446400,49.752,78.1,NaN,NaN,-
USSR,1978,271483200,63.678,125.522,NaN,NaN,PNE:Kraton-4
USSR,1978,271569600,73.291,54.883,NaN,NaN,-
USSR,1978,272779200,65.925,112.338,NaN,NaN,PNE:Kraton-3
USSR,1978,273211200,49.807,78.107,NaN,NaN,-
USSR,1978,273211200,50.011,78.976,NaN,NaN,-
USSR,1978,274420800,47.909,47.912,NaN,NaN,PNE:Azgir A-2-5
USSR,1978,274680000,49.922,78.876,NaN,NaN,-
USSR,1978,275112000,49.848,78.212,NaN,NaN,-
USSR,1978,275198400,66.598,86.21,NaN,NaN,PNE:Kraton-2
USSR,1978,275716800,73.349,54.676,NaN,NaN,-
USSR,1978,276667200,61.55,112.85,NaN,NaN,PNE:Vyatka
USSR,1978,277272000,49.746,78.121,NaN,NaN,-
USSR,1978,277444800,47.85,48.12,NaN,NaN,PNE:Azgir A-7
USSR,1978,277444800,63.185,63.432,NaN,NaN,PNE:Kraton-1
USSR,1978,278658000,49.803,78.099,NaN,NaN,-
USSR,1978,279003600,50.04,78.941,NaN,NaN,-
USSR,1978,281163600,49.808,77.999,NaN,NaN,-
USSR,1978,281163600,49.959,78.801,NaN,NaN,-
USSR,1978,281250000,47.909,47.912,NaN,NaN,PNE:Azgir A-2-6
USSR,1978,282459600,49.805,78.103,NaN,NaN,-
USSR,1978,282805200,47.86,48.16,NaN,NaN,PNE:Azgir A-9
USSR,1978,282978000,49.85,78.047,NaN,NaN,-
USSR,1979,284792400,47.909,47.912,NaN,NaN,PNE:Azgir A-2-7
USSR,1979,285397200,47.92,48.12,NaN,NaN,PNE:Azgir A-8
USSR,1979,286693200,50.101,78.863,NaN,NaN,-
USSR,1979,287989200,49.974,77.668,NaN,NaN,-
USSR,1979,291013200,50,78,NaN,NaN,-
USSR,1979,292568400,50,78,NaN,NaN,-
USSR,1979,294811200,49.77,78.008,NaN,NaN,-
USSR,1979,296971200,49.83,78.087,NaN,NaN,-
USSR,1979,298008000,50,78,NaN,NaN,-
USSR,1979,298958400,49.913,78.857,NaN,NaN,-
USSR,1979,300168000,50.032,78.989,NaN,NaN,-
USSR,1979,300772800,47.88,48.12,NaN,NaN,PNE:Azgir A-11
USSR,1979,301118400,50,78,NaN,NaN,-
USSR,1979,301118400,49.919,77.812,NaN,NaN,-
USSR,1979,302587200,49.9,78.9,NaN,NaN,-
USSR,1979,303278400,61.803,122.43,NaN,NaN,PNE:Kimberlite-4
USSR,1979,303796800,49.949,78.937,NaN,NaN,-
USSR,1979,305438400,64.11,99.562,NaN,NaN,PNE:Kimberlite-3
USSR,1979,306302400,48.2,38.3,NaN,NaN,PNE:Cleavage
USSR,1979,306993600,73.343,54.672,NaN,NaN,-
USSR,1979,307252800,49.757,78.097,NaN,NaN,-
USSR,1979,307857600,60.675,71.455,NaN,NaN,PNE:Kimberlite-1
USSR,1979,308116800,61.85,113.1,NaN,NaN,PNE:Sheksna
USSR,1979,309067200,49.829,78.104,NaN,NaN,-
USSR,1979,309067200,73.316,54.816,NaN,NaN,-
USSR,1979,309585600,47.85,48.14,NaN,NaN,PNE:Azgir A-10
USSR,1979,309931200,49.982,78.996,NaN,NaN,-
USSR,1979,312786000,49.781,78.104,NaN,NaN,-
USSR,1979,312958800,49.9,78.793,NaN,NaN,-
USSR,1979,314600400,49.795,78.127,NaN,NaN,-
USSR,1979,314773200,49.92,78.753,NaN,NaN,-
USSR,1980,321858000,50,78,NaN,NaN,-
USSR,1980,323672400,50,77.823,NaN,NaN,-
USSR,1980,324190800,49.796,78.068,NaN,NaN,-
USSR,1980,325486800,49.981,78.756,NaN,NaN,-
USSR,1980,327816000,49.78,78.037,NaN,NaN,-
USSR,1980,329630400,49.986,78.998,NaN,NaN,-
USSR,1980,329976000,52.9,56.5,NaN,NaN,PNE:Butane 2-1
USSR,1980,330753600,49.8258,78.0994,NaN,NaN,-
USSR,1980,330753600,52.9,56.5,NaN,NaN,PNE:Butane 2-2
USSR,1980,331099200,49.951,78.815,NaN,NaN,-
USSR,1980,333864000,49.803,78.105,NaN,NaN,-
USSR,1980,337752000,49.93,78.801,NaN,NaN,-
USSR,1980,338702400,49.826,78.071,NaN,NaN,-
USSR,1980,339825600,46.757,48.275,NaN,NaN,PNE:Vega-1
USSR,1980,340084800,73.336,54.94,NaN,NaN,-
USSR,1980,340171200,49.967,79.026,NaN,NaN,-
USSR,1980,341121600,49.7517,78.1317,NaN,NaN,-
USSR,1980,341902800,60.8,97.55,NaN,NaN,PNE:Batholith-1
USSR,1980,344840400,50,78,NaN,NaN,-
USSR,1980,344840400,49.7517,78.1317,NaN,NaN,-
USSR,1980,345272400,61.75,66.75,NaN,NaN,PNE:Angara
USSR,1980,345618000,49.909,78.932,NaN,NaN,-
USSR,1980,346654800,49.863,78.119,NaN,NaN,-
USSR,1980,346741200,50.063,78.982,NaN,NaN,-
USSR,1981,354344400,50,78,NaN,NaN,-
USSR,1981,354690000,50.011,78.978,NaN,NaN,-
USSR,1981,356763600,49.891,78.811,NaN,NaN,-
USSR,1981,359611200,68.2,53.5,NaN,NaN,PNE:Pyrite
USSR,1981,359784000,49.992,78.979,NaN,NaN,-
USSR,1981,360475200,50,78,NaN,NaN,-
USSR,1981,362721600,49.761,78.071,NaN,NaN,-
USSR,1981,364190400,49.8,78.126,NaN,NaN,-
USSR,1981,366609600,49.781,78.077,NaN,NaN,-
USSR,1981,368251200,60.6,55.7,NaN,NaN,PNE:Helium-1
USSR,1981,369201600,49.92,78.911,NaN,NaN,-
USSR,1981,370324800,46.79,48.313,NaN,NaN,PNE:Vega 2-1
USSR,1981,370324800,46.771,48.304,NaN,NaN,PNE:Vega 2-2
USSR,1981,370756800,73.304,54.818,NaN,NaN,-
USSR,1981,372052800,50,78,NaN,NaN,-
USSR,1981,372225600,49.927,78.854,NaN,NaN,-
USSR,1981,372571200,63.8,97.55,NaN,NaN,PNE:Shpat-2
USSR,1981,375080400,49.746,78.12,NaN,NaN,-
USSR,1981,375858000,49.898,78.857,NaN,NaN,-
USSR,1981,377845200,49.821,78.107,NaN,NaN,-
USSR,1981,378277200,49.93,78.792,NaN,NaN,-
USSR,1982,382942800,49.806,78.029,NaN,NaN,-
USSR,1982,388558800,49.912,78.906,NaN,NaN,-
USSR,1982,393825600,49.801,78.089,NaN,NaN,-
USSR,1982,394603200,49.958,78.8,NaN,NaN,-
USSR,1982,396849600,53.8,104.15,NaN,NaN,PNE:Rift-3
USSR,1982,398923200,49.758,78.044,NaN,NaN,-
USSR,1982,399614400,49.926,78.76,NaN,NaN,-
USSR,1982,399960000,69.2,81.65,NaN,NaN,PNE:Rift-1
USSR,1982,401428800,49.785,78.121,NaN,NaN,-
USSR,1982,401774400,64.35,91.8,NaN,NaN,PNE:Rift-4
USSR,1982,403070400,61.55,112.85,NaN,NaN,PNE:Neva-1
USSR,1982,403156800,73.339,54.608,NaN,NaN,-
USSR,1982,403588800,46.759,48.247,NaN,NaN,PNE:Vega 3-1
USSR,1982,403588800,46.752,48.258,NaN,NaN,PNE:Vega 3-2
USSR,1982,403588800,46.766,48.288,NaN,NaN,PNE:Vega 3-3
USSR,1982,403588800,46.76,48.3,NaN,NaN,PNE:Vega 3-4
USSR,1982,407912400,49.924,78.812,NaN,NaN,-
USSR,1982,409640400,49.799,78.037,NaN,NaN,-
USSR,1982,409726800,50.078,78.986,NaN,NaN,-
USSR,1983,416206800,50,78,NaN,NaN,-
USSR,1983,417848400,49.792,78.029,NaN,NaN,-
USSR,1983,418971600,49.815,78.076,NaN,NaN,-
USSR,1983,423115200,49.736,78.12,NaN,NaN,-
USSR,1983,424238400,49.92,78.914,NaN,NaN,-
USSR,1983,425275200,49.757,78.039,NaN,NaN,-
USSR,1983,426657600,51.363,53.306,NaN,NaN,PNE:Lira 1-1
USSR,1983,426657600,51.367,53.327,NaN,NaN,PNE:Lira 1-2
USSR,1983,426657600,51.38,53.34,NaN,NaN,PNE:Lira 1-3
USSR,1983,430027200,73.354,54.974,NaN,NaN,-
USSR,1983,432100800,49.82,78.118,NaN,NaN,-
USSR,1983,433224000,46.783,48.315,NaN,NaN,PNE:Vega 4-1
USSR,1983,433224000,46.788,48.297,NaN,NaN,PNE:Vega 4-2
USSR,1983,433224000,46.767,48.31,NaN,NaN,PNE:Vega 4-3
USSR,1983,433224000,46.749,48.303,NaN,NaN,PNE:Vega 4-4
USSR,1983,433224000,46.754,48.289,NaN,NaN,PNE:Vega 4-5
USSR,1983,433224000,46.766,48.274,NaN,NaN,PNE:Vega 4-6
USSR,1983,433310400,73.328,54.541,NaN,NaN,-
USSR,1983,434260800,49.924,78.761,NaN,NaN,-
USSR,1983,435988800,49.912,78.828,NaN,NaN,-
USSR,1983,436597200,49.7792,78.1247,NaN,NaN,-
USSR,1983,438152400,50.055,78.997,NaN,NaN,-
USSR,1983,438930000,50,78,NaN,NaN,-
USSR,1983,438930000,49.739,78.105,NaN,NaN,-
USSR,1983,441262800,49.804,78.098,NaN,NaN,-
USSR,1984,446014800,49.894,78.745,NaN,NaN,-
USSR,1984,447483600,50.049,78.95,NaN,NaN,-
USSR,1984,449384400,49.922,78.949,NaN,NaN,-
USSR,1984,450853200,49.749,78.101,NaN,NaN,-
USSR,1984,451717200,49.935,78.867,NaN,NaN,-
USSR,1984,454392000,49.973,79,NaN,NaN,-
USSR,1984,458625600,49.901,78.879,NaN,NaN,-
USSR,1984,459230400,51.358,53.319,NaN,NaN,PNE:Lira 2-1
USSR,1984,459230400,51.371,53.337,NaN,NaN,PNE:Lira 2-2
USSR,1984,459230400,51.391,53.351,NaN,NaN,PNE:Lira 2-3
USSR,1984,461044800,65.05,55.1,NaN,NaN,PNE:Quartz-2
USSR,1984,462254400,61.9,72.1,NaN,NaN,PNE:Quartz-3
USSR,1984,462340800,73.326,54.763,NaN,NaN,-
USSR,1984,462427200,67.75,33,NaN,NaN,PNE:Dnepr-2
USSR,1984,462513600,60.3,57.1,NaN,NaN,PNE:Helium 2-1
USSR,1984,462513600,60.7,57.5,NaN,NaN,PNE:Helium 2-2
USSR,1984,463550400,49.809,78.072,NaN,NaN,-
USSR,1984,464241600,55.834,87.526,NaN,NaN,PNE:Quartz-4
USSR,1984,466920000,49.775,78.133,NaN,NaN,-
USSR,1984,467524800,73.355,54.99,NaN,NaN,-
USSR,1984,467697600,49.925,78.776,NaN,NaN,-
USSR,1984,467697600,46.9,48.15,NaN,NaN,PNE:Vega 5-1
USSR,1984,467697600,46.95,48.1,NaN,NaN,PNE:Vega 5-2
USSR,1984,470034000,49.83,78.073,NaN,NaN,-
USSR,1984,470811600,49.993,79.009,NaN,NaN,-
USSR,1984,472021200,49.93,78.816,NaN,NaN,-
USSR,1984,473058000,49.875,78.7,NaN,NaN,-
USSR,1985,476859600,49.893,78.783,NaN,NaN,-
USSR,1985,483253200,49.921,78.899,NaN,NaN,-
USSR,1985,487656000,49.903,78.839,NaN,NaN,-
USSR,1985,487915200,60.6,72.7,NaN,NaN,PNE:Benzene
USSR,1985,488952000,49.857,78.659,NaN,NaN,-
USSR,1985,489902400,49.7506,78.0492,NaN,NaN,-
USSR,1985,490507200,65.994,41.038,NaN,NaN,PNE:Agate
USSR,1985,490593600,49.8011,78.0686,NaN,NaN,-
USSR,1985,490680000,49.943,78.783,NaN,NaN,-
USSR,1985,491112000,49.836,77.998,NaN,NaN,-
USSR,1987,541314000,49.844,78.088,NaN,NaN,-
USSR,1987,542523600,49.929,78.824,NaN,NaN,-
USSR,1987,544424400,50,78,NaN,NaN,-
USSR,1987,544424400,49.91,78.786,NaN,NaN,-
USSR,1987,545630400,49.874,78.663,NaN,NaN,-
USSR,1987,545803200,60.6,57.2,NaN,NaN,PNE:Helium 3-1
USSR,1987,545803200,60.8,57.5,NaN,NaN,PNE:Helium 3-2
USSR,1987,547272000,49.777,77.984,NaN,NaN,-
USSR,1987,549950400,49.837,78.065,NaN,NaN,-
USSR,1987,551160000,49.927,78.74,NaN,NaN,-
USSR,1987,552628800,61.5,112.85,NaN,NaN,PNE:Neva 2-1
USSR,1987,553492800,49.769,78.035,NaN,NaN,-
USSR,1987,554097600,61.45,112.8,NaN,NaN,PNE:Neva 2-2
USSR,1987,554875200,49.877,78.873,NaN,NaN,-
USSR,1987,554875200,73.326,54.602,NaN,NaN,-
USSR,1987,555739200,61.45,112.8,NaN,NaN,PNE:Neva 2-3
USSR,1987,558936000,49.976,78.024,NaN,NaN,-
USSR,1987,560232000,47.6,56.2,NaN,NaN,PNE:Batholith-2
USSR,1987,561355200,49.802,78.14,NaN,NaN,-
USSR,1987,563950800,49.881,78.753,NaN,NaN,-
USSR,1987,566370000,49.957,78.792,NaN,NaN,-
USSR,1987,566974800,49.774,77.975,NaN,NaN,-
USSR,1987,567579600,49.867,78.718,NaN,NaN,-
USSR,1988,571122000,49.787,77.975,NaN,NaN,-
USSR,1988,571726800,49.932,78.878,NaN,NaN,-
USSR,1988,576046800,49.909,78.918,NaN,NaN,-
USSR,1988,577684800,49.824,78.102,NaN,NaN,-
USSR,1988,578721600,49.931,78.741,NaN,NaN,-
USSR,1988,578980800,73.314,54.553,NaN,NaN,-
USSR,1988,582264000,50.034,78.964,NaN,NaN,-
USSR,1988,588225600,66.28,78.491,NaN,NaN,PNE:Ruby-2
USSR,1988,589521600,61.361,48.092,NaN,NaN,PNE:Ruby-1
USSR,1988,590212800,49.8788,78.8225,NaN,NaN,shagan/jve
USSR,1988,593150400,49.802,78.002,NaN,NaN,-
USSR,1988,595314000,50.048,78.96,NaN,NaN,-
USSR,1988,596264400,49.765,78.029,NaN,NaN,-
USSR,1988,597214800,73.366,55.001,NaN,NaN,-
USSR,1988,598338000,49.879,78.924,NaN,NaN,-
USSR,1988,599288400,49.8011,78.0686,NaN,NaN,-
USSR,1989,601448400,49.934,78.815,NaN,NaN,-
USSR,1989,603262800,49.911,78.704,NaN,NaN,-
USSR,1989,603694800,49.849,78.064,NaN,NaN,-
USSR,1989,615873600,49.869,78.775,NaN,NaN,-
USSR,1989,620712000,50.019,78.998,NaN,NaN,-
USSR,1989,623476800,49.751,78.005,NaN,NaN,-
USSR,1989,624772800,49.927,78.927,NaN,NaN,-
USSR,1990,656740800,73.331,54.757,NaN,NaN,-
US,1945,-771969600,33.6753,-106.4747,21,NaN,Trinity
US,1945,-770241600,34.22,132.25,15,NaN,littleboy
US,1945,-769896000,32.48,129.53,21,NaN,fatman
US,1946,-741816000,11,165,21,NaN,Able
US,1946,-739742400,11.5833,165.5,21,NaN,Baker
US,1948,-685310400,11,162,37,NaN,X-ray
US,1948,-683928000,11,162,49,NaN,Yoke
US,1948,-682718400,11,162,18,NaN,Zebra
US,1951,-597351600,36.8,-115.95,1,NaN,Able
US,1951,-597265200,36.8,-115.95,8,NaN,Baker
US,1951,-596919600,36.8,-115.95,1,NaN,Easy
US,1951,-596833200,36.8,-115.95,8,NaN,Baker-2
US,1951,-596487600,36.8,-115.95,22,NaN,Fox
US,1951,-591307200,11.5558,162.3544,81,NaN,Dog
US,1951,-590184000,11.6689,162.2403,47,NaN,Easy
US,1951,-588628800,11.6269,162.3147,225,NaN,George
US,1951,-587246400,11.673,162.2486,45.5,NaN,Item
US,1951,-574200000,37.0839,-116.0239,NaN,0.1,Able
US,1951,-573681600,37.085,-116.02,3.5,NaN,Baker
US,1951,-573508800,37.085,-116.0203,14,NaN,Charlie
US,1951,-573336000,37.0847,-116.0197,21,NaN,Dog
US,1951,-572986800,37.0919,-116.0244,31,NaN,Easy
US,1951,-571777200,37.1317,-116.0386,1.2,NaN,Sugar
US,1951,-570913200,37.1697,-116.0425,1.2,NaN,Uncle
US,1952,-560203200,36.7983,-115.9356,1,NaN,Able
US,1952,-558993600,37.0842,-116.0194,1,NaN,Baker
US,1952,-558388800,37.0844,-116.0203,31,NaN,Charlie
US,1952,-557611200,37.0842,-116.0203,NaN,NaN,Dog
US,1952,-557092800,37.0531,-116.1056,NaN,NaN,Easy
US,1952,-555537600,37.0956,-116.1056,NaN,NaN,Fox
US,1952,-554932800,37.0481,-116.0211,NaN,NaN,George
US,1952,-554587200,37.1386,-116.1178,NaN,NaN,How
US,1952,-541800000,11.2372,162.1964,NaN,NaN,Mike
US,1952,-540500400,11.5622,162.3525,NaN,NaN,King
US,1953,-529963200,37.0478,-116.0211,NaN,NaN,Annie
US,1953,-529358400,37.0956,-116.1028,NaN,NaN,Nancy
US,1953,-528753600,37.0828,-116.0239,NaN,NaN,Ruth
US,1953,-528235200,37.0847,-116.018,NaN,NaN,Dixie
US,1953,-527803200,37.0989,-116.0925,NaN,NaN,Ray
US,1953,-527198400,37.1383,-116.1178,NaN,NaN,Badger
US,1953,-526593600,37.0531,-116.1028,NaN,NaN,Simon
US,1953,-525470400,36.5,-115.9289,NaN,NaN,Encore
US,1953,-524520000,37.0403,-116.0253,NaN,NaN,Harry
US,1953,-524001600,36.7931,-115.9147,NaN,NaN,Grable
US,1953,-523137600,37.0875,-116.0183,NaN,NaN,Climax
US,1954,-499892400,11.6908,165.2736,NaN,NaN,Bravo
US,1954,-497649600,11.6908,165.273,NaN,NaN,Romeo
US,1954,-496699200,11.4967,165.3675,NaN,NaN,Koon
US,1954,-495057600,11.6664,165.3872,NaN,NaN,Union
US,1954,-494280000,11.6656,165.3869,NaN,NaN,Yankee
US,1954,-493502400,11.6705,162.1964,NaN,NaN,Nectar
US,1955,-469220400,37.0867,-116.0219,NaN,NaN,Wasp
US,1955,-468874800,37.0478,-116.0211,NaN,NaN,Moth
US,1955,-468270000,37.1255,-116.0475,NaN,NaN,Tesla
US,1955,-467751600,37.1383,-116.1175,NaN,NaN,Turk
US,1955,-467319600,37.0403,-116.0253,NaN,NaN,HorneT
US,1955,-466459200,37.0947,-116.0239,NaN,NaN,Bee
US,1955,-466372800,37.1683,-116.0439,NaN,NaN,Ess
US,1955,-465854400,37.0956,-116.1028,NaN,NaN,Apple-1
US,1955,-465854400,37.0867,-116.0578,NaN,NaN,Wasp Prime
US,1955,-465163200,37.0286,-116.0578,NaN,NaN,HA (High Altitude)
US,1955,-464904000,37.1222,-116.0344,NaN,NaN,PosT
US,1955,-464385600,36.7981,-115.9289,NaN,NaN,MeT
US,1955,-462657600,36.0531,-116.1025,NaN,NaN,Apple-2
US,1955,-461880000,28.7333,-126.2667,NaN,NaN,Wigwam
US,1955,-461793600,37.0947,-116.0239,NaN,NaN,Zucchini
US,1955,-447105600,37,-116,0,NaN,ProjecT56 No. 1
US,1955,-446932800,37,-116,0,NaN,ProjecT56 No. 2
US,1955,-446760000,37,-116,0,NaN,ProjecT56 No. 3
US,1956,-440362800,37,-116,20,NaN,ProjecT56 No. 4
US,1956,-431121600,11.5578,162.355,NaN,NaN,Lacrosse
US,1956,-429739200,11.6683,165.3942,NaN,NaN,Cherokee
US,1956,-429134400,11,162,NaN,NaN,Yuma
US,1956,-429134400,11.4967,165.3692,NaN,NaN,Zuni
US,1956,-428875200,11.5444,162.3644,NaN,NaN,Erie
US,1956,-428270400,11.6764,162.2222,NaN,NaN,Seminole
US,1956,-427838400,11.6,165.4514,NaN,NaN,Flathead
US,1956,-427838400,11.5511,162.3586,NaN,NaN,BlackfooT
US,1956,-427665600,11,162,NaN,NaN,Kickapoo
US,1956,-427406400,11.5467,162.3608,NaN,NaN,Osage
US,1956,-426974400,11,162,NaN,NaN,Inca
US,1956,-426628800,11.6028,165.4514,NaN,NaN,Dakota
US,1956,-426024000,11,162,NaN,NaN,Mohawk
US,1956,-425505600,11.6714,162.2003,NaN,NaN,Apache
US,1956,-425332800,11.6633,165.3872,NaN,NaN,Navajo
US,1956,-424468800,11.6739,165.3394,NaN,NaN,Tewa
US,1956,-424382400,11.6719,162.3692,NaN,NaN,Huron
US,1957,-400449600,37,-115,0,NaN,ProjecT57 No. 1
US,1957,-397512000,37.0947,-116.0236,NaN,NaN,Boltzmann
US,1957,-397080000,37.0478,-116.0211,NaN,NaN,Franklin
US,1957,-396820800,37.1347,-116.0408,NaN,NaN,Lassen
US,1957,-395697600,37.1347,-116.0408,NaN,NaN,Wilson
US,1957,-395179200,37.7981,-115.9289,NaN,NaN,Priscilla
US,1957,-394574400,37,-116,0,NaN,Coulomb-A
US,1957,-394228800,37.1347,-116.0408,NaN,NaN,Hood
US,1957,-393364800,37.1503,-116.1086,NaN,NaN,Diablo
US,1957,-393019200,37.1606,-116.0531,NaN,NaN,John
US,1957,-392587200,37.0833,-116.1,NaN,NaN,Kepler
US,1957,-392500800,37.1347,-116.0408,NaN,NaN,Owens
US,1957,-392414400,37.0518,-116.0334,20,NaN,Pascal-A
US,1957,-391377600,37.0867,-116.0236,NaN,NaN,Stokes
US,1957,-391118400,37.1939,-116.0333,0,NaN,Saturn
US,1957,-390427200,37.128,-116.1064,NaN,NaN,Shasta
US,1957,-389995200,37.0867,-116.0236,NaN,NaN,Doppler
US,1957,-389649600,37.0491,-116.034,20,NaN,Pascal-B
US,1957,-389390400,37.0867,-116.0236,NaN,NaN,Franklin Prime
US,1957,-389304000,37.1872,-116.0678,NaN,NaN,Smoky
US,1957,-389131200,37.0531,-116.1025,NaN,NaN,Galileo
US,1957,-388785600,37.1347,-116.0408,NaN,NaN,Wheeler
US,1957,-388785600,37,-116,NaN,NaN,Coulomb-B
US,1957,-388612800,37.0867,-116.0236,NaN,NaN,Laplace
US,1957,-388094400,37.0336,-116.0314,NaN,NaN,Fizeau
US,1957,-387921600,37.0867,-116.0236,NaN,NaN,Newton
US,1957,-387662400,37.1958,-116.2031,NaN,NaN,Rainier
US,1957,-387316800,37.1383,-116.1175,NaN,NaN,Whitney
US,1957,-386884800,37.1347,-116.0408,NaN,NaN,Charleston
US,1957,-386107200,37.1347,-116.0408,NaN,NaN,Morgan
US,1957,-380919600,37.0499,-116.0309,20,NaN,Pascal-C
US,1957,-380660400,37,-116,NaN,NaN,Coulomb-C
US,1958,-374180400,37,-116,0.001,NaN,Venus
US,1958,-372456000,37,-116,0.001,NaN,Uranus
US,1958,-368568000,12.6167,168.025,NaN,NaN,Yucca
US,1958,-367963200,11.5564,162.3542,NaN,NaN,Cactus
US,1958,-367444800,11.6908,165.2736,NaN,NaN,Fir
US,1958,-367444800,11.5411,162.3506,NaN,NaN,ButternuT
US,1958,-367358400,11.675,162.2056,NaN,NaN,Koa
US,1958,-367012800,11.3447,162.1789,NaN,NaN,Wahoo
US,1958,-366667200,11.5439,162.3561,NaN,NaN,Holly
US,1958,-366580800,11.4961,165.3708,NaN,NaN,Nutmeg
US,1958,-366148800,11.6603,162.2253,NaN,NaN,Yellowwood
US,1958,-366148800,11.5428,162.3539,NaN,NaN,Magnolia
US,1958,-365803200,11.6633,162.23,NaN,NaN,Tobacco
US,1958,-365716800,11.6908,165.2736,NaN,NaN,Sycamore
US,1958,-365544000,11.5411,162.3517,NaN,NaN,Rose
US,1958,-365025600,11.3808,162.2192,NaN,NaN,Umbrella
US,1958,-364852800,11.6872,165.415,NaN,NaN,Maple
US,1958,-364507200,11.6908,165.2733,NaN,NaN,Aspen
US,1958,-364507200,11.6603,162.2253,NaN,NaN,WalnuT
US,1958,-364161600,11.5442,162.3564,NaN,NaN,Linden
US,1958,-363384000,11.6872,165.415,NaN,NaN,Redwood
US,1958,-363384000,11.6633,162.23,NaN,NaN,Elder
US,1958,-363297600,11.6078,162.1078,NaN,NaN,Oak
US,1958,-363211200,11.4961,162.3708,NaN,NaN,Hickory
US,1958,-363038400,11.5442,162.3564,NaN,NaN,Sequoia
US,1958,-362952000,11.6908,165.2736,NaN,NaN,Cedar
US,1958,-362692800,11.6633,162.23,NaN,NaN,Dogwood
US,1958,-362088000,11.6881,165.2644,NaN,NaN,Poplar
US,1958,-361915200,11,162,0,NaN,Scaevola
US,1958,-361656000,11,162,NaN,NaN,Pisonia
US,1958,-361224000,11.4961,165.3708,NaN,NaN,Juniper
US,1958,-361224000,11.6633,162.23,NaN,NaN,Olive
US,1958,-360878400,11.6561,162.2197,NaN,NaN,Pine
US,1958,-360360000,16.7439,-169.5333,NaN,NaN,Teak
US,1958,-359928000,11,162,0,NaN,Quince
US,1958,-359409600,16.3583,-169.5356,NaN,NaN,Orange
US,1958,-358891200,11,162,NaN,NaN,Fig
US,1958,-358113600,-38.5,-11.5,2,NaN,Argus I
US,1958,-357854400,-49.5,-8.2,2,NaN,Argus II
US,1958,-357249600,-48.5,-9.7,2,NaN,Argus III
US,1958,-356731200,37.05,-116.0319,NaN,NaN,Otero
US,1958,-356299200,37.0494,-116.033,NaN,NaN,Bernalillo
US,1958,-356126400,37.0867,-116.0236,NaN,NaN,Eddy
US,1958,-355953600,37.0492,-116.0336,NaN,NaN,Luna
US,1958,-355780800,37,-116,20,NaN,Mercury
US,1958,-355521600,37.0497,-116.0297,NaN,NaN,Valencia
US,1958,-355348800,37.1931,-116.2006,NaN,NaN,Mars
US,1958,-355262400,37.0867,-116.0236,NaN,NaN,Mora
US,1958,-354744000,37.0867,-116.0236,NaN,NaN,Hidalgo
US,1958,-354744000,37.0489,-116.0342,NaN,NaN,Colfax
US,1958,-354484800,37.1953,-116.2003,NaN,NaN,Tamalpais
US,1958,-354312000,37.0947,-116.0236,NaN,NaN,Quay
US,1958,-354052800,37.0867,-116.0236,NaN,NaN,Lea
US,1958,-353966400,37.1939,-116.1997,0.115,NaN,Neptune
US,1958,-353880000,36.8022,-115.9322,0.0012,NaN,Hamilton
US,1958,-353793600,37.1842,-116.2011,5,NaN,Logan
US,1958,-353793600,37.0867,-116.0236,0.037,NaN,Dona Ana
US,1958,-353707200,37.1225,-116.0347,0.024,NaN,Vesta
US,1958,-353620800,37.0411,-116.0258,0.09,NaN,Rio Arriba
US,1958,-353448000,37.0447,-116.0297,0,0,San Juan
US,1958,-353275200,37,-116,0,0,Oberon
US,1958,-353275200,37.0867,-116.0236,6,NaN,Socorro
US,1958,-353275200,36.7981,-115.9289,0.115,NaN,Wrangell
US,1958,-353275200,37.1347,-116.0408,0.188,NaN,Rushmore
US,1958,-353102400,37.0431,-116.0269,0.021,NaN,Catron
US,1958,-353102400,37.1233,-116.0378,0.0017,NaN,Juno
US,1958,-352929600,37.1814,-116.0686,0.0007,NaN,Ceres
US,1958,-352929600,36.7981,-115.9289,4.9,NaN,Sanford
US,1958,-352929600,37.0867,-116.0236,2.2,NaN,De Baca
US,1958,-352843200,37,-116,0.0006,NaN,Chavez
US,1958,-352670400,37,-116,0,0,Mazama
US,1958,-352670400,37.1947,-116.2047,0.055,NaN,Evans
US,1958,-352670400,37.0478,-116.0247,0.0078,NaN,HumboldT
US,1958,-352584000,37,-116,0,0,Ganymede
US,1958,-352584000,37.0867,-116.0236,1.3,NaN,Santa Fe
US,1958,-352584000,37.1858,-116.2019,22,NaN,Blanca
US,1958,-352584000,37.1772,-116.0692,0.0002,NaN,Titania
US,1961,-261777600,37.1879,-116.2078,2.6,NaN,Antler
US,1961,-261691200,37.0484,-116.0328,NaN,20,Shrew
US,1961,-260395200,37.0483,-116.0345,NaN,20,Boomer
US,1961,-259617600,37.1943,-116.207,NaN,20,Chena
US,1961,-257976000,37.0486,-116.0311,NaN,20,Mink
US,1961,-254948400,37.0459,-116.0277,13.4,NaN,Fisher
US,1961,-254343600,32.2636,-103.8658,3,NaN,Gnome
US,1961,-254084400,37.1266,-116.0488,0.5,NaN,Mad
US,1961,-253738800,37.0432,-116.0253,NaN,20,Ringtail
US,1961,-253306800,37.1949,-116.2083,0.15,NaN,Feather
US,1962,-251751600,37.0446,-116.0351,5.1,NaN,StoaT
US,1962,-250974000,37.0473,-116.0344,6.4,NaN,Agouti
US,1962,-249937200,37.0468,-116.0395,NaN,20,Dormouse
US,1962,-249159600,37.1273,-116.0527,3.07,NaN,Stillwater
US,1962,-249073200,37.0436,-116.0389,7.1,NaN,Armadillo
US,1962,-248554800,37.2263,-116.0593,5.7,NaN,Hard HaT
US,1962,-248209200,37.0491,-116.0295,1.9,NaN,Chinchilla
US,1962,-248209200,37.1274,-116.0371,NaN,20,Codsaw
US,1962,-247863600,37.1289,-116.0483,11.9,NaN,Cimarron
US,1962,-247777200,37.0483,-116.0319,NaN,20,Platypus
US,1962,-246999600,37.1111,-116.3649,0.43,NaN,Danny Boy
US,1962,-246913200,37.0484,-116.0337,NaN,20,Ermine
US,1962,-246740400,37.1222,-116.0489,8.4,NaN,Brazos
US,1962,-246139200,37.044,-116.031,NaN,20,Hognose
US,1962,-245016000,37.1243,-116.0339,3.4,NaN,Hoosic
US,1962,-244756800,37.0469,-116.0369,NaN,20,Chinchilla II
US,1962,-244324800,37.0445,-116.0235,10.6,NaN,Dormouse Prime
US,1962,-244238400,37.1177,-116.044,NaN,20,Passaic
US,1962,-243720000,37.1272,-116.0449,NaN,20,Hudson
US,1962,-243547200,37.222,-116.1574,1.85,NaN,Platte
US,1962,-242942400,37.119,-116.0315,NaN,20,Dead
US,1962,-242596800,2,-157,190,NaN,Adobe
US,1962,-242424000,2,-157,410,NaN,Aztec
US,1962,-242424000,37.1184,-116.0378,NaN,20,Black
US,1962,-241992000,2,-157,1090,NaN,Arkansas
US,1962,-241819200,2,-157,670,NaN,Questa
US,1962,-241646400,4.8333,-149.4167,NaN,NaN,Frigate Bird
US,1962,-241560000,37.0466,-116.025,NaN,20,Paca
US,1962,-241473600,2,-157,100,NaN,Yukon
US,1962,-241387200,2,-157,100,NaN,Mesilla
US,1962,-241300800,37.1276,-116.0483,NaN,20,Arikaree
US,1962,-241214400,2,-157,50,NaN,Muskegon
US,1962,-241214400,31.245,-124.2117,NaN,20,Swordfish
US,1962,-241128000,2,-157,500,NaN,Encino
US,1962,-241128000,37.0652,-116.0304,40,NaN,Aardvark
US,1962,-240955200,2,-157,97,NaN,Swanee
US,1962,-240523200,2,-157,73,NaN,Chetco
US,1962,-240523200,37.1226,-116.0472,4.5,NaN,Eel
US,1962,-240004800,2,-157,2.6,NaN,Tanana
US,1962,-240004800,37.1248,-116.052,NaN,20,White
US,1962,-239832000,2,-157,43,NaN,Nambe
US,1962,-239400000,37.0456,-116.0345,NaN,20,Raccoon
US,1962,-238968000,37.0457,-116.0393,NaN,20,PackraT
US,1962,-238795200,2,-157,782,NaN,Alma
US,1962,-238708800,2,-157,210,NaN,Truckee
US,1962,-238622400,2,-157,3000,NaN,Yeso
US,1962,-238449600,2,-157,1200,NaN,Harlem
US,1962,-238363200,37.2222,-116.1621,2.9,NaN,Des Moines
US,1962,-238190400,2,-157,800,NaN,Rinconada
US,1962,-238017600,2,-157,52,NaN,Dulce
US,1962,-237844800,2,-157,2.2,NaN,PetiT
US,1962,-237672000,37.0431,-116.0303,NaN,20,Daman I
US,1962,-237585600,2,-157,81.5,NaN,Otowi
US,1962,-237153600,2,-157,7650,NaN,Bighorn
US,1962,-237153600,37.0416,-116.0353,67,NaN,Haymaker
US,1962,-237067200,37.0091,-116.2011,NaN,20,Marshmallow
US,1962,-236894400,2,-157,1270,NaN,Bluestone
US,1962,-236894400,37.1174,-116.0474,NaN,20,Sacramento
US,1962,-236376000,37.177,-116.0454,104,NaN,Sedan
US,1962,-236289600,37,-116,NaN,20,Little Feller II
US,1962,-236116800,17,-169,1400,NaN,Starfish Prime
US,1962,-236030400,2,-157,1000,NaN,SunseT
US,1962,-235944000,2,-157,3880,NaN,Pamlico
US,1962,-235944000,37.1224,-116.333,0.5,NaN,Johnnie Boy
US,1962,-235771200,37.0551,-116.0334,20,200,Merrimac
US,1962,-235684800,37,-116,NaN,20,Small Boy
US,1962,-235425600,37,-116,NaN,20,Little Feller I
US,1962,-234561600,37.1297,-116.0565,NaN,20,Wichita
US,1962,-232142400,37.1186,-116.0395,NaN,20,York
US,1962,-232142400,37.0461,-116.0238,NaN,20,Bobac
US,1962,-231019200,37.1303,-116.0447,NaN,20,Raritan
US,1962,-230328000,37.0439,-116.0211,NaN,20,Hyrax
US,1962,-229809600,37.0551,-116.0293,NaN,20,Peba
US,1962,-229032000,37.1167,-116.0328,NaN,20,Allegheny
US,1962,-228772800,17,-169,75,NaN,Androscoggin
US,1962,-228513600,37.1394,-116.0503,115,NaN,Mississippi
US,1962,-228427200,17,-169,11.3,NaN,Bumping
US,1962,-227908800,37.1228,-116.0508,NaN,20,Roanoke
US,1962,-227908800,37.0488,-116.0326,NaN,20,Wolverine
US,1962,-227390400,17,-169,1590,NaN,Chama
US,1962,-227390400,37.1285,-116.0402,NaN,20,Tioga
US,1962,-227304000,37.0395,-116.0211,12.5,NaN,BandicooT
US,1962,-227217600,17,-169,20,NaN,Checkmate
US,1962,-226699200,17,-169,1000,NaN,Bluegill 3 Prime
US,1962,-226612800,17,-169,NaN,NaN,Calamity
US,1962,-226612800,37.1493,-116.0535,20,NaN,Santee
US,1962,-226353600,17,-169,NaN,NaN,Housatonic
US,1962,-226180800,17,-169,1000,NaN,Kingfish
US,1962,-225921600,17,-169,20,NaN,Tightrope
US,1962,-225486000,37.1638,-116.0733,20,NaN,St. Lawrence
US,1962,-224967600,37.0418,-116.0239,20,NaN,Gundi
US,1962,-223930800,37.1228,-116.029,20,NaN,Anacostia
US,1962,-223326000,37.1281,-116.05,20,NaN,Taunton
US,1962,-222634800,37.1687,-116.2061,20,NaN,Madison
US,1962,-222634800,37.0461,-116.0156,20,NaN,NumbaT
US,1962,-222462000,37.1242,-116.04,20,NaN,Manatee
US,1963,-217623600,37.1489,-116.0519,20,NaN,Casselman
US,1963,-217623600,37.126,-116.0387,20,NaN,Hatchie
US,1963,-217623600,37.0461,-116.0211,20,NaN,Acushi
US,1963,-217623600,37.0583,-116.0293,20,NaN,FerreT
US,1963,-217018800,37.049,-116.0318,20,NaN,Chipmunk
US,1963,-216500400,37.1203,-116.0457,20,NaN,Kaweah
US,1963,-216500400,37.1548,-116.0799,20,NaN,Carmel
US,1963,-215809200,37.0445,-116.0265,20,NaN,Jerboa
US,1963,-214603200,37.1258,-116.0448,20,NaN,Toyah
US,1963,-213393600,37.0417,-116.0184,20,NaN,Gerbil
US,1963,-212788800,37.0373,-116.0239,20,NaN,FerreTPrime
US,1963,-212356800,37.0488,-116.0303,20,NaN,Coypu
US,1963,-212270400,37.1567,-116.071,20,NaN,Cumberland
US,1963,-211147200,37.1206,-116.0363,20,NaN,Kootanai
US,1963,-211147200,37.1205,-116.0362,20,NaN,Paisano
US,1963,-209851200,37.0494,-116.0156,NaN,20,Gundi Prime
US,1963,-209332800,37,-115,0,0,Double Tracks
US,1963,-209160000,37.0439,-116.0156,NaN,20,Harkee
US,1963,-209160000,37.0483,-116.0324,NaN,20,Tejon
US,1963,-208728000,37.1111,-116.0391,20,200,Stones
US,1963,-208468800,37,-115,0,0,Clean Slate I
US,1963,-208123200,37.1281,-116.0425,NaN,20,PleasanT
US,1963,-207950400,37,-115,0,0,Clean Slate II
US,1963,-207518400,37.1966,-116.2092,3.1,NaN,Yuba
US,1963,-207432000,37.045,-116.0364,NaN,20,Hutia
US,1963,-207432000,37.1247,-116.04,NaN,20,Apshapa
US,1963,-207172800,37,-115,0,0,Clean Slate III
US,1963,-206740800,37.0461,-116.0184,NaN,20,Mataco
US,1963,-205790400,37.1314,-116.0681,NaN,20,Kennebec
US,1963,-201643200,37.0417,-116.0156,NaN,20,Pekan
US,1963,-201384000,37.1541,-116.0766,NaN,20,Satsop
US,1963,-200692800,37.125,-116.0354,NaN,40,Kohocton
US,1963,-198878400,37.1634,-116.0806,NaN,20,Ahtanum
US,1963,-198878400,37.0604,-116.0217,249,NaN,Bilby
US,1963,-197668800,37,-116,NaN,20,Narraguagus
US,1963,-197668800,37,-116,NaN,20,Carp
US,1963,-196459200,37.0373,-116.0212,NaN,20,Grunion
US,1963,-196459200,37.1187,-116.0339,NaN,20,Tornillo
US,1963,-196027200,37.1982,-116.2295,20,200,Clearwater
US,1963,-195940800,37,-116,NaN,20,MulleT
US,1963,-195163200,39.2002,-118.3803,12,NaN,Shoal
US,1963,-193518000,37.0395,-116.0184,NaN,20,Anchovy
US,1963,-193431600,37.1323,-116.0469,NaN,20,Mustang
US,1963,-192826800,37.1193,-116.0452,20,200,Greys
US,1963,-191790000,37.0396,-116.0294,NaN,40,Barracuda
US,1963,-191098800,37.131,-116.0439,5.3,NaN,Eagle
US,1963,-190407600,37,-116,NaN,20,Tuna
US,1964,-188074800,37.1423,-116.0491,20,200,Fore
US,1964,-187470000,37.1264,-116.0363,10.5,NaN,Oconto
US,1964,-186865200,37,-116,NaN,20,Club
US,1964,-185742000,37,-116,NaN,20,Solendon
US,1964,-185655600,37,-116,NaN,20,Bunker
US,1964,-185223600,37,-116,NaN,20,Mackerel
US,1964,-185223600,37,-116,NaN,20,Bonefish
US,1964,-185050800,37.1509,-116.0401,20,200,KlickitaT
US,1964,-183240000,37,-116,NaN,20,Handicap
US,1964,-183153600,37.0505,-116.0115,NaN,20,Pike
US,1964,-180388800,37.1289,-116.0298,NaN,20,Hook
US,1964,-180302400,37.0439,-116.0184,NaN,20,Sturgeon
US,1964,-180129600,37,-116,NaN,20,Bogey
US,1964,-179524800,37.1496,-116.0554,20,200,Turf
US,1964,-179092800,37.0396,-116.0266,NaN,20,Pipefish
US,1964,-178401600,37,-116,NaN,20,Driver
US,1964,-177796800,37.1173,-116.0389,NaN,20,Backswing
US,1964,-177710400,37.0417,-116.0122,NaN,20,Minnow
US,1964,-175377600,37.1486,-116.076,NaN,20,Ace
US,1964,-175291200,37,-116,NaN,20,Bitterling
US,1964,-174772800,37,-116,NaN,20,Duffer
US,1964,-174168000,37.1111,-116.0288,NaN,20,Fade
US,1964,-173736000,37.1744,-116.0564,NaN,20,Dub
US,1964,-172353600,37.1822,-116.0454,20,200,Bye
US,1964,-171748800,37,-116,NaN,20,Links
US,1964,-171662400,37,-116,NaN,20,Trogon
US,1964,-169416000,37.159,-116.0831,4.4,NaN,Alva
US,1964,-169156800,37.0653,-116.0154,NaN,20,Canvasback
US,1964,-168724800,37,-116,NaN,20,Player
US,1964,-168638400,37.067,-116.0223,NaN,20,Haddock
US,1964,-168033600,37.0176,-116.0227,NaN,20,Guanay
US,1964,-167428800,37,-116,NaN,20,Spoon
US,1964,-165614400,37.0779,-116.0085,NaN,20,Auk
US,1964,-165009600,37.1513,-116.077,38,NaN,Par
US,1964,-164404800,37.0395,-116.0157,NaN,40,Barbel
US,1964,-163886400,31.1421,-89.5699,5.3,NaN,Salmon
US,1964,-163800000,37,-116,NaN,20,Garden
US,1964,-163108800,37.1072,-116.0323,NaN,20,ForesT
US,1964,-162673200,37.1744,-116.067,12,NaN,Handcar
US,1964,-160081200,37.1343,-116.0697,2.4,19,Drill (Target-Upper)
US,1964,-160081200,37.1144,-116.0534,20,200,Crepe
US,1964,-159130800,37,-116,NaN,40,Cassowary
US,1964,-159130800,37.0348,-116.0123,1.3,NaN,ParroT
US,1964,-159130800,37.1778,-116.067,2.7,NaN,Mudpack
US,1964,-158958000,37.0825,-116.3425,0.092,NaN,Sulky
US,1965,-156625200,37.119,-116.0248,NaN,20,Wool
US,1965,-155329200,37,-116,NaN,20,Tern
US,1965,-154810800,37.1308,-116.0616,NaN,20,Cashmere
US,1965,-154119600,37.1645,-116.0766,0.33,NaN,Alpaca
US,1965,-153774000,37.0516,-116.0238,10.1,NaN,Merlin
US,1965,-153601200,36.818,-115.9492,NaN,20,Wishbone
US,1965,-153514800,37,-116,NaN,20,Seersucker
US,1965,-152478000,37.0645,-116.0372,20,200,Wagtail
US,1965,-151012800,37,-116,NaN,20,Suede
US,1965,-150494400,37.1476,-116.0429,20,200,Cup
US,1965,-149630400,37.0258,-116.0226,NaN,20,Kestrel
US,1965,-148852800,37.2804,-116.5236,4.3,NaN,Palanquin
US,1965,-148248000,37.0072,-116.2021,NaN,20,Gum Drop
US,1965,-148161600,37,-116,NaN,20,Chenille
US,1965,-148075200,37.0174,-115.9953,NaN,20,Muscovy
US,1965,-146865600,37.1404,-116.0666,7,NaN,Tee
US,1965,-146433600,37.2427,-116.4309,NaN,20,Buteo
US,1965,-146260800,36.8234,-115.9668,0.75,NaN,Cambric
US,1965,-146260800,37.0588,-116.0105,NaN,20,Scaup
US,1965,-145656000,37.1186,-116.0277,NaN,20,Tweed
US,1965,-143841600,37,-116,NaN,20,Organdy
US,1965,-143841600,37.0428,-116.017,1.3,NaN,Petrel
US,1965,-143409600,36.8181,-115.9561,NaN,20,Diluted Waters
US,1965,-143323200,37.2234,-116.057,NaN,20,Tiny ToT
US,1965,-140817600,37,-116,NaN,20,Izzer
US,1965,-140299200,37,-116,NaN,20,Pongee
US,1965,-140212800,37.0978,-116.033,20,200,Bronze
US,1965,-139003200,37.0177,-116.0398,NaN,20,Mauve
US,1965,-137707200,37,-116,NaN,20,Ticking
US,1965,-137188800,37.1373,-116.0701,NaN,20,Centaur
US,1965,-136756800,37.023,-116.009,NaN,40,Moa
US,1965,-135374400,37.111,-116.0346,NaN,20,ElkharT
US,1965,-131745600,51.4381,179.1826,80,NaN,Long ShoT
US,1965,-130532400,37.05,-116.0221,NaN,20,Sepia
US,1965,-129582000,37,-116,NaN,20,KermeT
US,1965,-128718000,37.1648,-116.0523,20,200,Corduroy
US,1965,-127594800,37.1408,-116.0632,NaN,20,Emerson
US,1965,-127594800,37.0726,-116.0291,20,200,Buff
US,1966,-125175600,37.1162,-116.0275,NaN,20,Maxwell
US,1966,-124743600,37,-116,NaN,20,Sienna
US,1966,-124743600,37.0917,-116.0187,20,200,Lampblack
US,1966,-124484400,37.0317,-116.0158,NaN,20,Dovekie
US,1966,-124398000,37,-116,NaN,20,Reo
US,1966,-123361200,37.1263,-116.0695,NaN,20,Plaid II
US,1966,-121546800,37.2718,-116.4338,19,NaN,Rex
US,1966,-120769200,37.1745,-116.2084,NaN,20,Red HoT
US,1966,-120596400,37.0374,-116.0294,NaN,40,FinfooT
US,1966,-120164400,37.1437,-116.0525,NaN,20,Clymer
US,1966,-119649600,37.0093,-116.0091,NaN,20,Purple
US,1966,-119131200,37.1133,-116.0314,NaN,20,Templar
US,1966,-118440000,37.1027,-116.0199,NaN,20,Lime
US,1966,-118008000,37.1395,-116.1409,NaN,20,Stutz
US,1966,-117921600,37.0174,-115.9922,NaN,20,Tomato
US,1966,-117316800,37.2427,-116.4309,70,NaN,Duryea
US,1966,-116539200,37,-116,1.4,NaN,Fenton
US,1966,-116366400,36.8874,-115.9407,NaN,20,Pin Stripe
US,1966,-116020800,37,-116,NaN,20,Ochre
US,1966,-115588800,37.1371,-116.1371,NaN,20,Traveler
US,1966,-115502400,37.0506,-116.0379,12,NaN,Cyclamen
US,1966,-115416000,37.348,-116.3219,73,NaN,Chartreuse
US,1966,-114897600,37.1343,-116.0711,NaN,20,Tapestry
US,1966,-114811200,37.0869,-116.0334,20,200,Piranha
US,1966,-114292800,37.1111,-116.0579,20,200,DumonT
US,1966,-113601600,37.1784,-116.0978,22,NaN,Discus Thrower
US,1966,-113083200,37.2271,-116.0555,62,NaN,Pile Driver
US,1966,-112996800,37.0684,-116.0353,20,200,Tan
US,1966,-112392000,37.0594,-116.0388,NaN,20,Puce
US,1966,-111960000,37.0097,-116.2024,NaN,20,Double Play
US,1966,-111960000,37.1715,-116.0489,20,200,Kankakee
US,1966,-111096000,37.1553,-116.0722,25,NaN,Vulcan
US,1966,-110664000,37.3158,-116.299,365,NaN,Halfbeak
US,1966,-108244800,37.1403,-116.0989,NaN,20,Saxon
US,1966,-107121600,37.1687,-116.0477,NaN,20,Rovena
US,1966,-106948800,37,-116,NaN,20,Tangerine
US,1966,-104270400,36.8769,-115.9506,7.8,NaN,Derringer
US,1966,-103320000,37.0209,-116.0364,NaN,20,Daiquiri
US,1966,-102801600,37.1687,-116.0461,NaN,20,Newark
US,1966,-101419200,37,-116,NaN,20,Khaki
US,1966,-99604800,37.1699,-116.0472,NaN,20,Simms
US,1966,-99082800,37.1344,-116.0498,NaN,20,Ajax
US,1966,-98478000,37.0428,-116.0103,NaN,20,Cerise
US,1966,-98132400,37,-116,NaN,20,Vigil
US,1966,-97182000,31.1421,-89.5699,0.38,NaN,Sterling
US,1966,-96318000,37,-116,NaN,20,Sidecar
US,1966,-96318000,36.8773,-115.9379,NaN,20,New PoinT
US,1966,-95713200,37.3021,-116.4083,870,NaN,Greeley
US,1967,-93207600,37,-116,NaN,20,RiveTI
US,1967,-93121200,37.1437,-116.1352,39,NaN,Nash
US,1967,-93034800,37.0999,-116.0038,20,200,Bourbon
US,1967,-92516400,37,-116,NaN,20,RiveTII
US,1967,-91393200,37.1675,-116.0471,NaN,20,Ward
US,1967,-90097200,37.0175,-116.0159,NaN,20,Persimmon
US,1967,-90097200,37.1269,-116.0664,20,200,Agile
US,1967,-89492400,37.1659,-116.0487,NaN,20,RiveTIII
US,1967,-89406000,37,-116,NaN,20,Mushroom
US,1967,-88801200,37,-116,NaN,20,Fizz
US,1967,-86644800,37,-116,NaN,20,Oakland
US,1967,-86472000,37,-116,NaN,20,Heilman
US,1967,-86385600,37.0544,-116.0222,NaN,20,Fawn
US,1967,-85176000,37.0193,-116.0374,NaN,20,Chocolate
US,1967,-84657600,37.1388,-116.0632,NaN,20,Effendi
US,1967,-83534400,37.0779,-115.9953,20,200,Mickey
US,1967,-82670400,37.1304,-116.0639,250,NaN,Commodore
US,1967,-82411200,37.2751,-116.37,155,NaN,Scotch
US,1967,-82152000,37,-116,NaN,20,Absinthe
US,1967,-82152000,37.2479,-116.4802,76,NaN,Knickerbocker
US,1967,-79819200,37.1256,-116.0287,NaN,20,Switch
US,1967,-79473600,37.2021,-116.2078,NaN,20,Midi MisT
US,1967,-79214400,37.0286,-116.0226,10,NaN,Umber
US,1967,-77918400,37,-116,NaN,20,Vito
US,1967,-76795200,37.1487,-116.0485,20,200,Stanley
US,1967,-76104000,37,-116,NaN,20,Gibson
US,1967,-75585600,37.1567,-116.0473,NaN,20,Washer
US,1967,-74894400,37.0122,-116.0365,NaN,20,Bordeaux
US,1967,-74376000,37,-116,NaN,20,Lexington
US,1967,-73771200,37.1776,-116.2089,NaN,20,Door MisT
US,1967,-73166400,37.1532,-116.0528,20,200,Yard
US,1967,-72475200,37,-116,NaN,20,Gilroy
US,1967,-71956800,37.166,-116.0384,2.2,NaN,Marvel
US,1967,-71438400,37.0988,-116.0532,20,200,Zaza
US,1967,-69624000,37.1156,-116.0576,20,200,Lanpher
US,1967,-69019200,37,-116,NaN,20,Cognac
US,1967,-69019200,37,-116,NaN,20,Worth
US,1967,-69019200,37.0316,-116.0264,NaN,20,Sazerac
US,1967,-67806000,37.0918,-116.0358,NaN,20,Cobbler
US,1967,-65386800,37,-116,NaN,20,Polka
US,1967,-65041200,36.6778,-107.2083,29,NaN,Gasbuggy
US,1967,-64609200,37.0367,-116.002,NaN,20,StilT
US,1968,-61671600,37.1456,-116.0657,7.4,NaN,Hupmobile
US,1968,-61585200,37.1564,-116.0539,20,200,Staccato
US,1968,-61585200,38.6343,-116.2153,200,1000,Faultless
US,1968,-61153200,37,-116,NaN,20,Brush
US,1968,-60980400,37.2809,-116.5144,2.3,NaN,CabrioleT
US,1968,-60548400,37,-116,NaN,20,MalleT
US,1968,-58734000,37,-116,NaN,20,Torch
US,1968,-58734000,37.1166,-116.0537,20,200,Knox
US,1968,-58042800,37.1846,-116.2114,NaN,20,Dorsal Fin
US,1968,-57610800,37,-116,NaN,20,RusseT
US,1968,-57009600,37.0076,-116.3705,5.4,NaN,Buggy-A
US,1968,-56836800,37.0477,-116.0108,1.5,NaN,Pommard
US,1968,-56145600,37.3326,-116.3107,20,200,Stinger
US,1968,-55886400,36.8717,-115.9311,NaN,20,Milk Shake
US,1968,-55022400,37,-116,NaN,20,Bevel
US,1968,-54504000,37.1544,-116.0789,19,220,Noor
US,1968,-53812800,37.1525,-116.037,20,200,Shuffle
US,1968,-53380800,37.3377,-116.3756,NaN,20,Scroll
US,1968,-53121600,37.2954,-116.4557,1300,NaN,Boxcar
US,1968,-52516800,37,-116,NaN,20,HatcheT
US,1968,-52084800,37,-116,NaN,20,Crock
US,1968,-51307200,37.1201,-116.0588,20,200,Clarksmobile
US,1968,-50356800,37,-116,NaN,20,Adze
US,1968,-49665600,37,-116,NaN,20,Wembley
US,1968,-49579200,37.1654,-116.0434,NaN,100,Tub-A
US,1968,-48801600,37.2649,-116.3146,20,200,Rickey
US,1968,-47937600,37,-116,NaN,20,Funnel
US,1968,-47937600,37,-116,NaN,20,Sevilla
US,1968,-47678400,37.2455,-116.4829,20,200,Chateaugay
US,1968,-46036800,37,-116,NaN,20,Spud
US,1968,-44913600,37.1332,-116.0823,20,200,Tanya
US,1968,-44049600,37,-116,NaN,20,Imp
US,1968,-43531200,37,-116,NaN,20,Rack
US,1968,-42494400,36.8772,-115.9311,NaN,20,Diana Moon
US,1968,-42321600,37.2503,-116.3469,20,200,Sled
US,1968,-41630400,37.1361,-116.0472,20,200,Noggin
US,1968,-41112000,37.0318,-116.0116,NaN,20,Knife A
US,1968,-40680000,37.1199,-116.1275,20,200,Stoddard
US,1968,-40075200,37.2048,-116.2064,NaN,20,Hudson Seal
US,1968,-39297600,37,-116,NaN,20,Welder
US,1968,-39297600,37.0259,-115.9928,NaN,20,Knife C
US,1968,-38692800,37,-116,NaN,20,VaT
US,1968,-37051200,37,-116,NaN,20,Hula
US,1968,-36878400,37,-116,NaN,40,Bit-A
US,1968,-36878400,37,-116,NaN,20,File
US,1968,-36529200,37,-116,NaN,40,Crew-2nd
US,1968,-36529200,37.1305,-116.0865,20,200,Crew
US,1968,-35578800,37,-116,NaN,20,Auger
US,1968,-35578800,37.0261,-116.0333,NaN,20,Knife B
US,1968,-35146800,37.0098,-116.2064,NaN,20,Ming Vase
US,1968,-34974000,37.1399,-116.0423,NaN,20,Tinderbox
US,1968,-33591600,37.3434,-116.5659,30,NaN,Schooner
US,1968,-33246000,37,-116,NaN,20,Bay Leaf
US,1968,-33246000,37,-116,NaN,20,Scissors
US,1968,-33246000,37.1189,-116.0783,NaN,120,Tyg-A
US,1968,-32641200,37.2315,-116.4736,1150,NaN,Benham
US,1969,-30308400,37.1479,-116.0657,10,NaN,Packard
US,1969,-30308400,37.2091,-116.2254,20,200,Wineskin
US,1969,-29703600,37,-116,NaN,20,Shave
US,1969,-29012400,37,-116,NaN,20,Biggin
US,1969,-29012400,37.0533,-116.0293,20,200,Vise
US,1969,-28580400,37,-116,NaN,20,Winch
US,1969,-28580400,37,-116,NaN,20,Nipper
US,1969,-27889200,37.1691,-116.2107,NaN,20,Cypress
US,1969,-24955200,37,-116,NaN,20,Chatty
US,1969,-24955200,37,-116,NaN,20,Valise
US,1969,-24782400,37.022,-116.0302,NaN,20,Barsac
US,1969,-24696000,37.1332,-116.0867,NaN,100,Coffer
US,1969,-21758400,37,-116,NaN,40,Gourd-Amber
US,1969,-21240000,37.0815,-116.0139,20,200,Blenton
US,1969,-21240000,37.0903,-116.0056,20,200,Thistle
US,1969,-20635200,37.2829,-116.5006,20,200,Purse
US,1969,-19944000,37,-116,NaN,20,AlimenT
US,1969,-18907200,37,-116,NaN,40,Ipecac-A
US,1969,-18907200,37.0751,-115.9953,20,200,Torrido
US,1969,-17524800,37.0088,-116.0303,NaN,20,Tapper
US,1969,-16315200,37,-116,NaN,40,Bowl-1
US,1969,-14587200,37.1194,-116.0551,20,200,Ildrim
US,1969,-14587200,37.1395,-116.0874,20,200,Hutch
US,1969,-12081600,37.1603,-116.0636,NaN,40,Spider-A
US,1969,-10958400,37,-116,NaN,20,Horehound
US,1969,-10958400,37.0215,-116.0381,NaN,20,Pliers
US,1969,-9748800,39.4058,-107.9481,40,NaN,Rulison
US,1969,-9576000,36.8772,-115.9285,NaN,20,Minute Steak
US,1969,-9230400,37.3141,-116.4607,NaN,1000,Jorum
US,1969,-8884800,37,-116,NaN,40,Kyack-A
US,1969,-7934400,37,-116,NaN,60,Seaweed-C
US,1969,-7848000,51.4171,179.1823,1000,NaN,Milrow
US,1969,-7329600,37.2567,-116.4408,200,1000,Pipkin
US,1969,-6638400,37,-116,NaN,20,Seaweed B
US,1969,-5515200,37.1215,-116.1278,11,NaN,CrueT
US,1969,-5515200,37.1353,-116.1359,66.8,NaN,Pod-A
US,1969,-5515200,37.1433,-116.0638,110,NaN,Calabash
US,1969,-4215600,37.1646,-116.0748,1.7,NaN,Scuttle
US,1969,-3524400,37,-116,NaN,20,Planer
US,1969,-3524400,37.0312,-116.0021,20,200,Piccalilli
US,1969,-2314800,37.18,-116.2109,NaN,20,Diesel Train
US,1969,-1882800,37,-116,NaN,40,Culantro-A
US,1969,-1882800,37,-116,NaN,80,Tun-A
US,1969,-1278000,37.0838,-116.0016,20,200,Grape A
US,1969,-1278000,37.0066,-116.0228,NaN,20,Lovage
US,1969,-1191600,37.1205,-116.0348,40,400,Terrine-White
US,1970,1918800,37.1374,-116.0368,NaN,60,Fob-Green
US,1970,2523600,37.0308,-116.0348,NaN,20,Ajo
US,1970,2955600,37,-116,20,200,Belen
US,1970,2955600,37.0981,-116.0265,20,200,Grape B
US,1970,3042000,37.164,-116.0388,25,NaN,Labis
US,1970,3560400,37.2013,-116.2052,NaN,20,Diana MisT
US,1970,4770000,37.0367,-115.9996,20,200,Cumarin
US,1970,4856400,37.1164,-116.0614,60,600,Yannigan-Red
US,1970,5547600,37.0231,-116.0918,8.7,NaN,Cyathus
US,1970,5547600,37.1396,-116.0368,NaN,60,Arabis-Red
US,1970,6670800,37.0011,-116.0229,NaN,20,Jal
US,1970,7016400,37.0862,-116.0211,20,200,Shaper
US,1970,7275600,37.3005,-116.5341,1000,NaN,Handley
US,1970,9522000,37.0549,-115.9881,12.7,NaN,Snubber
US,1970,9522000,37.1156,-116.0801,40,400,Can-Green
US,1970,10382400,37,-116,NaN,20,Hod-C (Blue)
US,1970,10382400,37.0592,-116.0282,NaN,20,Beebalm
US,1970,10382400,37.133,-116.0341,NaN,40,Hod-A (Green)
US,1970,10728000,37.2165,-116.1841,NaN,20,MinTLeaf
US,1970,11332800,37.0104,-116.2019,NaN,20,Diamond DusT
US,1970,11592000,37.1619,-116.0389,40,400,Cornice-Yellow
US,1970,12110400,37.0289,-115.9919,NaN,20,Manzanas
US,1970,12110400,37.0708,-116.013,20,200,Morrones
US,1970,12542400,37.1826,-116.2134,NaN,20,Hudson Moon
US,1970,12542400,37.1134,-116.0623,103,39,Flask-Green
US,1970,12715200,37,-116,NaN,40,Piton-A
US,1970,12715200,37.13,-116.05,NaN,20,Piton-C
US,1970,15220800,37.1139,-116.0861,NaN,40,Arnica-Yellow
US,1970,24638400,37,-116,NaN,60,Scree-Acajou
US,1970,24724800,37.0707,-116.0051,20,200,Tijeras
US,1970,25938000,37,-116,NaN,60,Truchas-Chacon
US,1970,26629200,37.0295,-116.0118,20,200,Abeytas
US,1970,27838800,37,-116,NaN,20,Penasco
US,1970,29048400,37,-116,NaN,40,Carrizozo
US,1970,30171600,37,-116,NaN,20,Canjilon
US,1970,30171600,37.1002,-116.0079,20,200,Artesia
US,1970,30171600,37.1429,-116.034,NaN,80,Avens-Andorre
US,1970,30258000,37.1291,-116.083,220,NaN,Carpetbag
US,1970,30344400,37.1731,-116.0989,10,NaN,Baneberry
US,1971,45892800,37.0332,-116.0137,NaN,20,Embudo
US,1971,46497600,37,-116,NaN,20,Dexter
US,1971,46497600,37.022,-116.0227,20,200,Laguna
US,1971,46584000,37.1467,-116.0668,20,200,Harebell
US,1971,47016000,37.1768,-116.2115,NaN,20,Camphor
US,1971,47188800,37.0115,-116.2034,NaN,20,Diamond Mine
US,1971,47793600,37.1101,-116.0514,83,NaN,Miniata
US,1971,47880000,37,-116,NaN,20,Bracken
US,1971,48916800,37,-116,NaN,20,Apodaca
US,1971,50126400,37,-116,NaN,20,Barranca
US,1971,50212800,37,-116,NaN,40,Nama-Amarylis
US,1971,50299200,37,-116,NaN,20,Baltic
US,1971,51336000,37.0572,-116.0363,20,200,Algodones
US,1971,54360000,37,-116,NaN,80,Frijoles-Deming
US,1971,54964800,37,-116,NaN,20,Chantilly
US,1971,54964800,37.011,-116.0073,NaN,20,Pedernal
US,1971,55742400,37.1138,-116.0373,NaN,20,Cathay
US,1971,56260800,37.03,-115.99,NaN,20,Lagoon
US,1971,58251600,51.4719,179.1069,NaN,5000,Cannikin
US,1971,59806800,36.8792,-115.9347,NaN,20,Diagonal Line
US,1971,60325200,37.05,-116.14,NaN,20,Parnassia
US,1971,61534800,37,-116,NaN,20,Hospah
US,1971,61534800,37,-116,NaN,20,Yerba
US,1971,61534800,37.1239,-116.0896,20,200,Chaenactis
US,1972,63435600,37,-116,NaN,20,Mescalero
US,1972,65941200,37,-116,NaN,20,Cowles
US,1972,67150800,37,-116,NaN,20,Dianthus
US,1972,70174800,37,-116,NaN,20,Sappho
US,1972,70779600,36.92,-116.05,NaN,40,Ocate
US,1972,72507600,37,-116,NaN,20,Jicarilla
US,1972,72507600,37.1219,-116.0838,NaN,20,Longchamps
US,1972,73627200,37.2077,-116.2088,NaN,20,Misty North
US,1972,74404800,37,-116,NaN,20,Kara
US,1972,74923200,37.1206,-116.0879,NaN,20,Zinnia
US,1972,75096000,37.0647,-116.0018,NaN,20,Monero
US,1972,76737600,37,-116,NaN,20,Merida
US,1972,78552000,37,-116,NaN,20,Haplopappus
US,1972,78552000,37,-116,NaN,20,Tajique
US,1972,78552000,37.13,-116.1,NaN,20,Capitan
US,1972,80452800,37.2145,-116.1834,NaN,20,Diamond Sculls
US,1972,80884800,37,-116.2,NaN,20,Atarque
US,1972,82180800,37,-116,NaN,60,Cebolla
US,1972,85896000,37.0821,-116.0383,20,200,Oscuro
US,1972,86328000,37.1214,-116.0857,15,NaN,Delphinium
US,1972,90133200,37,-116,NaN,20,Akbar
US,1972,90133200,37,-116,NaN,20,Arsenate
US,1972,90824400,37,-116,NaN,40,Canna-Umbrinus
US,1972,92984400,37,-116,NaN,20,Tuloso
US,1972,93157200,37,-116,NaN,20,Solanum
US,1972,93762000,37,-116,19,220,Flax-TesT
US,1972,93762000,37.1399,-116.0833,NaN,20,Flax-Source
US,1973,98514000,37,-116,NaN,20,AlumrooT
US,1973,100414800,37.1036,-116.0267,20,200,Miera
US,1973,101710800,37,-116,NaN,20,Gazook
US,1973,102834000,37,-116,NaN,20,Natoma
US,1973,104562000,37.0048,-116.0284,NaN,40,Angus
US,1973,104648400,37,-116,NaN,20,Colmor
US,1973,104648400,37.1231,-116.0585,90,NaN,StarworT
US,1973,105768000,37,-116,NaN,20,Mesita
US,1973,106459200,39.793,-108.3666,99,NaN,Rio Blanco-1
US,1973,107064000,37,-116,NaN,20,Kashan
US,1973,107064000,37.29,-116.1,NaN,20,Cabresto
US,1973,108100800,37.185,-116.2151,NaN,20,Dido Queen
US,1973,108187200,37.2451,-116.346,200,1000,Almendro
US,1973,109483200,37.08,-115.99,20,200,Potrillo
US,1973,110088000,37,-116,NaN,20,Silene
US,1973,110088000,37.1484,-116.0859,20,200,Portulaca
US,1973,118382400,37,-116,NaN,20,Waller
US,1973,118382400,37.2,-115.8,NaN,20,Polygonum
US,1973,119246400,37.2004,-116.2032,NaN,20,Husky Ace
US,1973,123310800,37.011,-116.0245,NaN,20,Bernal
US,1973,124520400,36.93,-116.03,NaN,20,Pajara
US,1973,124606800,37,-116,NaN,20,Seafoam
US,1973,125125200,37,-116,NaN,20,Elida
US,1973,125125200,37,-116,NaN,20,Spar
US,1974,127022400,37,-116,NaN,60,Pinedrops-SloaT
US,1974,131169600,37.1043,-116.0528,20,200,Latir
US,1974,132465600,37,-116,NaN,20,Hulsea
US,1974,134971200,37,-116,NaN,20,Sapello
US,1974,135921600,37,-116,NaN,20,Potrero
US,1974,136612800,37,-116,NaN,20,Plomo
US,1974,137217600,37,-116,NaN,20,Jib
US,1974,138427200,37.06,-116.11,NaN,20,Grove
US,1974,139723200,36.96,-116.02,NaN,20,Jara
US,1974,140846400,37.2103,-116.2073,NaN,20,Ming Blade
US,1974,142660800,37.0675,-116.0318,20,200,Escabosa
US,1974,143352000,37.09,-116.05,NaN,40,Crestlake-Tansan
US,1974,145684800,37.0234,-116.0364,NaN,20,Puye
US,1974,147067200,37.1525,-116.0833,20,200,Portmanteau
US,1974,149313600,36.97,-116.02,NaN,20,PratT
US,1974,149400000,37,-116,NaN,20,Trumbull
US,1974,149400000,37.1326,-116.0684,20,200,Stanyan
US,1974,151214400,37,-116,NaN,20,Estaca
US,1974,152168400,37.2011,-116.2039,NaN,20,Hybla Fair
US,1974,152600400,37,-116,NaN,20,Temescal
US,1974,154674000,37,-116,NaN,20,Puddle
US,1974,156402000,36.88,-115.97,NaN,20,Keel
US,1975,160894800,37,-116,NaN,20,Teleme
US,1975,160894800,37,-116,NaN,40,Portola
US,1975,162018000,37,-116,NaN,20,Bilge
US,1975,162792000,37.1062,-116.0563,20,200,TopgallanT
US,1975,163396800,37.134,-116.0842,20,200,Cabrillo
US,1975,165902400,37.1879,-116.2139,NaN,20,Dining Car
US,1975,167544000,37.1157,-116.0874,20,200,Edam
US,1975,168062400,37.1089,-116.0288,20,200,Obar
US,1975,169272000,37.2208,-116.4742,200,1000,Tybo
US,1975,171000000,37.3401,-116.5229,20,200,Stilton
US,1975,171000000,37.0948,-116.0361,20,200,Mizzen
US,1975,171691200,37,-116,NaN,20,Alviso
US,1975,172296000,37,-116,NaN,20,Futtock
US,1975,172382400,37.3503,-116.3202,200,1000,MasT
US,1975,172987200,37.2789,-116.3686,200,1000,CamemberT
US,1975,179208000,37.0236,-116.0291,NaN,20,Marsh
US,1975,183355200,37.2216,-116.1797,NaN,20,Husky Pup
US,1975,183704400,37.2901,-116.4115,200,1000,Kasseri
US,1975,185518800,36.99,-116.04,NaN,20,Deck
US,1975,185691600,37.225,-116.3676,200,1000,InleT
US,1975,186210000,37.1173,-116.0189,NaN,20,Leyden
US,1975,188283600,37.1276,-116.0616,20,200,Chiberta
US,1976,189493200,37.2966,-116.3332,200,1000,Muenster
US,1976,192258000,37.0693,-116.0302,20,200,Keelson
US,1976,192258000,37.1066,-116.0374,20,200,Esrom
US,1976,192949200,37.2714,-116.4884,200,1000,Fontina
US,1976,193122000,37.2426,-116.4202,200,500,Cheshire
US,1976,194158800,36.9,-115.99,NaN,20,Shallows
US,1976,195195600,37.31,-116.3642,200,500,Estuary
US,1976,195627600,37.306,-116.4715,500,1000,Colby
US,1976,195886800,37.2559,-116.3119,200,500,Pool
US,1976,195886800,37.1073,-116.0525,200,500,StraiT
US,1976,200721600,37.2091,-116.2125,NaN,20,Mighty Epic
US,1976,201412800,37.27,-116.33,NaN,20,Rivoli
US,1976,207288000,37.0754,-116.0438,20,150,BilleT
US,1976,213422400,37,-116,NaN,20,Gouda
US,1976,216450000,37,-116,NaN,20,SpriT
US,1976,217573200,37.1717,-116.0527,NaN,20,Chevre
US,1976,218869200,37.0793,-116.0016,NaN,20,Redmud
US,1976,219992400,37,-116,NaN,20,Sutter
US,1976,219992400,37.1239,-116.0675,NaN,20,Asiago
US,1976,220597200,37.1005,-116.0365,20,150,Rudder
US,1977,224917200,37,-116.07,NaN,40,Cove
US,1977,226645200,37,-116,NaN,40,Dofino
US,1977,229064400,37.1202,-116.0623,20,150,Marsilly
US,1977,230961600,37.0948,-116.0279,20,150,Bulkhead
US,1977,233380800,37.0943,-116.0449,20,150,Crewline
US,1977,234072000,37,-116,NaN,20,ForefooT
US,1977,238910400,37.11,-116.08,NaN,20,Carnelian
US,1977,239515200,37.0866,-116.0069,20,150,Strake
US,1977,240552000,37.15,-116.06,NaN,20,FlotosT
US,1977,240552000,37.15,-116.06,NaN,40,Gruyere
US,1977,240811200,37.01,-115.96,NaN,20,Scupper
US,1977,240811200,37.11,-116.0545,20,150,Scantling
US,1977,243144000,37.0328,-116.0431,NaN,20,Ebbtide
US,1977,244180800,37.1512,-116.0676,20,150,Coulommiers
US,1977,246686400,37.0076,-116.0167,NaN,20,Bobstay
US,1977,247208400,37.1878,-116.213,NaN,20,Hybla Gold
US,1977,247899600,37.0721,-116.05,20,150,Sandreef
US,1977,248590800,37.0206,-116.0251,NaN,20,SeamounT
US,1977,250923600,36.96,-116.04,NaN,20,Rib
US,1977,250923600,37.1359,-116.086,20,150,Farallones
US,1978,256194000,37.1261,-116.0317,NaN,20,Campos
US,1978,257058000,37.1237,-116.0638,20,150,Reblochon
US,1978,258872400,37.01,-116.1,NaN,20,Karab
US,1978,259477200,37,-116,NaN,20,TopmasT
US,1978,259477200,37.1018,-116.0511,20,150,Iceberg
US,1978,261118800,37.2996,-116.3267,20,150,fondutta
US,1978,262328400,37,-116,NaN,20,Asco
US,1978,263620800,37.0878,-116.0526,0,0,Transom
US,1978,265521600,37,-116.25,NaN,20,Jackpots
US,1978,268632000,37.08,-116.04,NaN,20,Satz
US,1978,269064000,37.0787,-116.0438,20,150,Lowball
US,1978,273384000,37.2759,-116.3573,20,150,Panir
US,1978,274507200,37.2088,-116.2108,NaN,20,Diablo Hawk
US,1978,275716800,37,-116,NaN,40,Cremino
US,1978,275716800,37.0798,-116.0513,20,150,Draughts
US,1978,275716800,37.0739,-116.0198,20,150,Rummy
US,1978,278830800,37.2879,-116.2975,NaN,20,Emmenthal
US,1978,281336400,37.01,-116.04,NaN,20,Concentration
US,1978,282632400,37.2734,-116.4103,20,150,Farm
US,1979,286002000,37.1054,-116.0117,NaN,20,BaccaraT
US,1979,287298000,37.1025,-116.0548,20,150,Quinella
US,1979,287902800,37.152,-116.0718,20,150,Kloster
US,1979,290235600,37.0278,-116.0398,NaN,20,Memory
US,1979,295243200,36.96,-116.01,NaN,20,FreezeouT
US,1979,297921600,37.2897,-116.4553,20,150,Pepato
US,1979,298699200,37.1076,-116.0151,NaN,20,Chess
US,1979,299390400,37.1432,-116.0875,20,150,Fajy
US,1979,302500800,37.084,-116.0699,20,150,BurzeT
US,1979,302932800,37.0147,-116.008,20,150,Offshore
US,1979,305438400,37.0881,-116.0528,140,NaN,Hearts
US,1979,305611200,37.155,-116.0382,NaN,20,Pera
US,1979,307166400,37.2291,-116.3641,20,150,Sheepshead
US,1979,312699600,36.994,-116.0241,NaN,20,Backgammon
US,1979,313995600,37.1374,-116.0631,NaN,20,Azul
US,1980,320562000,37.1265,-116.0885,NaN,20,Tarko
US,1980,321339600,37.1799,-116.0831,NaN,20,Norbo
US,1980,323586000,37.1499,-116.0823,20,150,Liptauer
US,1980,324709200,37.1011,-116.0305,20,150,Pyramid
US,1980,326088000,37.056,-116.019,NaN,20,Canfield
US,1980,327816000,37.0031,-116.0314,NaN,20,Flora
US,1980,329630400,37.2817,-116.4539,20,150,Kash
US,1980,330667200,37.0233,-116.0341,NaN,20,Huron King
US,1980,333345600,37.2563,-116.4774,20,150,Tafi
US,1980,333864000,37.013,-116.0227,NaN,20,Verdello
US,1980,338702400,37.0562,-116.0481,20,150,Bonarda
US,1980,338702400,37.1159,-116.0646,1.07,NaN,Riola
US,1980,341816400,37.2113,-116.2054,NaN,20,Miners Iron
US,1980,343026000,37.111,-116.0187,NaN,20,Dauphin
US,1981,348382800,37.0871,-116.0448,20,150,Baseball
US,1981,350197200,37.0109,-116.0322,NaN,20,Clairette
US,1981,351925200,37.1819,-116.0842,NaN,20,Seco
US,1981,357451200,37.1773,-116.0848,NaN,20,Vide
US,1981,359956800,37.1019,-116.0041,NaN,20,Aligote
US,1981,360648000,37.3034,-116.3256,20,150,Harzer
US,1981,363585600,37.1286,-116.0338,NaN,20,Niza
US,1981,364104000,37.0887,-116.0194,NaN,20,Pineau
US,1981,365832000,37.1537,-116.0351,NaN,20,Havarti
US,1981,367732800,37.1604,-116.0665,NaN,20,Islay
US,1981,368424000,37.0581,-116.0481,NaN,20,Trebbiano
US,1981,370152000,37.0085,-116.0238,NaN,20,Cernada
US,1981,370756800,37.0816,-116.0088,20,150,Paliza
US,1981,374302800,37.0763,-116.0685,20,150,Tilci
US,1981,376203600,37.1484,-116.0708,20,150,Akavi
US,1981,377326800,37.1145,-116.1229,NaN,20,Caboc
US,1982,381042000,37.0913,-116.0512,139,NaN,Jornada
US,1982,382338000,37.2243,-116.4627,20,150,Molbo
US,1982,382338000,37.348,-116.3161,20,150,Hosta
US,1982,387867600,37.0168,-116.0099,NaN,20,Tenaja
US,1982,389505600,37.1168,-116.1269,NaN,20,KryddosT
US,1982,389592000,37.0691,-116.0455,20,150,BouscheT
US,1982,393048000,37.1142,-116.0166,NaN,20,Kesti
US,1982,393739200,37.2362,-116.3702,20,150,Nebbiolo
US,1982,396763200,37.1023,-116.075,20,150,Monterey
US,1982,397368000,37.0842,-116.0065,138,NaN,Atrisco
US,1982,397886400,37.1898,-116.0477,NaN,20,Queso
US,1982,399787200,37.0197,-116.0157,NaN,20,Cerro
US,1982,401601600,37,-116,NaN,20,Diamond Ace
US,1982,401601600,37.212,-116.2068,NaN,20,Huron Landing
US,1982,401601600,37.1748,-116.0878,20,150,Frisco
US,1982,402120000,37.0913,-116.0449,NaN,150,Borrego
US,1982,405925200,37.0237,-116.0321,NaN,20,Seyval
US,1982,408344400,37.0302,-116.0719,20,150,Manteca
US,1983,413787600,37.0506,-116.0453,NaN,20,Coalora
US,1983,414306000,37.1628,-116.0633,NaN,20,Cheedam
US,1983,417502800,37.3007,-116.46,20,150,Cabra
US,1983,419144400,37.0728,-116.046,NaN,150,Turquoise
US,1983,420955200,37.0123,-116.0892,NaN,20,Crowdie
US,1983,422769600,37,-116,NaN,20,Mini Jade
US,1983,422769600,37.1029,-116.0057,NaN,20,Fahada
US,1983,423979200,37.1576,-116.0892,NaN,20,Danablu
US,1983,428731200,37.119,-116.0889,NaN,20,Laban
US,1983,429422400,36.9977,-116.0027,NaN,20,Sabado
US,1983,430804800,37.2,-116.03,NaN,20,Jarlsberg
US,1983,431236800,37.2728,-116.355,143,NaN,Chancellor
US,1983,432964800,37.2097,-116.2093,NaN,20,Tomme/MidnighTZephyr
US,1983,432964800,37.113,-116.043,NaN,40,Branco
US,1983,433051200,37.1056,-116.0494,NaN,150,Techado
US,1983,433656000,37,-116,NaN,20,Navata
US,1983,439794000,36.98,-116.02,NaN,20,Muggins
US,1983,440398800,37.1405,-116.0721,20,150,Romano
US,1984,444373200,37.1127,-116.1217,20,150,Gorbea
US,1984,445669200,37.2214,-116.1811,NaN,20,Midas Myth/Milagro
US,1984,446965200,37.0658,-116.0463,20,150,Tortugas
US,1984,449557200,37.1464,-116.0841,NaN,20,Agrini
US,1984,452318400,37.19,-116.02,NaN,20,Orkney
US,1984,453528000,37.09,-115.97,NaN,20,Bellow
US,1984,454824000,37.1031,-116.048,20,150,Caprock
US,1984,456552000,37.0004,-116.0431,20,150,Duoro
US,1984,458452800,37.18,-116.01,NaN,20,Normanna
US,1984,459576000,37.2678,-116.4106,20,150,Kappeli
US,1984,460267200,37.0171,-116.0076,NaN,20,Correo
US,1984,462686400,37,-116,NaN,20,Wexford
US,1984,462686400,37.0898,-115.998,NaN,20,Dolcetto
US,1984,463896000,37.0867,-116.0712,20,150,Breton
US,1984,465537600,37.08,-116,NaN,20,Vermejo
US,1984,468910800,37.0001,-116.0174,NaN,20,Villita
US,1984,471934800,37.2811,-116.3054,20,150,Tierra
US,1984,472366800,36.97,-116.01,NaN,20,Minero
US,1985,479710800,37.0581,-116.0453,20,150,Vaughn
US,1985,480402000,37.18,-116.089,20,150,Cottage
US,1985,481266000,37.0948,-116.0323,20,150,Hermosa
US,1985,481611600,37.2008,-116.2072,NaN,20,Misty Rain
US,1985,483854400,37.2534,-116.3252,20,150,Towanda
US,1985,487396800,37.2479,-116.4891,20,150,SaluT
US,1985,487396800,37.0883,-116.0839,NaN,20,Ville
US,1985,488606400,37.1241,-116.122,NaN,20,Maribo
US,1985,491112000,37.2973,-116.4381,20,150,Serena
US,1985,492840000,37,-116,NaN,20,Cebrero
US,1985,493099200,37.0023,-116.043,NaN,20,Chamita
US,1985,496641600,37.0898,-116.0018,NaN,20,Ponil
US,1985,497678400,37,-116,NaN,20,Mill Yard
US,1985,497678400,37.2097,-116.2101,NaN,20,Diamond Beech
US,1985,498283200,37.1099,-116.1214,20,150,RoqueforT
US,1985,499496400,37,-116,NaN,20,Abo
US,1985,504594000,37.2378,-116.4727,20,150,Goldstone
US,1986,511851600,37.083,-116.0661,29,NaN,Glencoe
US,1986,513493200,37.2183,-116.1831,NaN,20,Mighty Oak
US,1986,514357200,37,-116,NaN,20,Mogollon
US,1986,514530000,37.2641,-116.4402,20,150,Jefferson
US,1986,517032000,37.125,-116.0604,NaN,20,PanaminT
US,1986,518328000,37.0983,-116.0155,20,150,Tajo
US,1986,521956800,37.2787,-116.3556,119,NaN,Cybar
US,1986,522561600,37.1427,-116.0711,NaN,20,Cornucopia
US,1986,526190400,37,-116,NaN,20,Galveston
US,1986,526795200,37.0691,-116.0497,NaN,20,Aleman
US,1986,528436800,37.3001,-116.3074,20,150,Labquark
US,1986,529819200,37.2202,-116.4616,20,150,BelmonT
US,1986,532328400,37.1004,-116.0481,20,150,Gascon
US,1986,534834000,37.263,-116.4117,20,150,Bodie
US,1987,539326800,37.1811,-116.0484,NaN,60,Hazebrook-Emerald (Green)
US,1987,540018000,37.0107,-116.0447,NaN,20,Tornero
US,1987,543042000,37.2102,-116.2086,NaN,20,Middle Note
US,1987,545716800,37.2479,-116.5091,20,150,Delamar
US,1987,546062400,36.9831,-116.0046,NaN,20,Presidio
US,1987,546753600,37.233,-116.4231,20,150,Hardin
US,1987,550987200,37.1936,-116.035,NaN,20,Brie
US,1987,551160000,37.22,-116.1778,NaN,20,Mission GhosT
US,1987,552024000,36.9986,-116.0431,NaN,20,Panchuela
US,1987,555825600,37.061,-116.0453,20,150,Tahoka
US,1987,559454400,37.228,-116.3747,20,150,Lockney
US,1987,561960000,37.1419,-116.0787,20,150,Borate
US,1987,565333200,36.9964,-116.0045,NaN,20,Waco
US,1987,565419600,37.2347,-116.1634,NaN,20,Mission Cyber
US,1988,571899600,37.3144,-116.4715,20,150,Kernville
US,1988,576388800,37.0132,-116.0443,NaN,20,Abilene
US,1988,579499200,37.1244,-116.0721,NaN,150,Schellbourne
US,1988,580190400,37.0325,-115.9873,NaN,150,Laredo
US,1988,581227200,37.2601,-116.4411,NaN,150,Comstock
US,1988,582955200,37,-116,NaN,150,Nightingale
US,1988,582955200,37.1662,-116.0722,NaN,150,Rhyolite
US,1988,584251200,37.2524,-116.3767,NaN,150,Alamo
US,1988,587793600,37.2972,-116.3065,NaN,150,Kearsarge
US,1988,588312000,36.99,-116.01,NaN,40,Harlingen-A
US,1988,588916800,37.0859,-116.0685,NaN,150,Bullfrog
US,1988,592718400,37.089,-116.0493,NaN,150,DalharT
US,1988,595054800,37,-116,NaN,40,Monahans-A
US,1988,597646800,37,-116,NaN,40,Kawich A-White
US,1988,597733200,37.199,-116.2094,NaN,150,Misty Echo
US,1989,603090000,37.0768,-116.0006,20,150,Texarkana
US,1989,604299600,37.1285,-116.122,NaN,40,Kawich-Red
US,1989,605422800,37.1428,-116.0669,20,150,IngoT
US,1989,611208000,37.1076,-116.1209,NaN,60,Palisade-1
US,1989,612158400,37.0859,-116.0551,NaN,20,Tulia
US,1989,614491200,37.2829,-116.4123,20,150,ContacT
US,1989,614923200,37.2755,-116.3536,20,150,Amarillo
US,1989,621748800,37.2359,-116.1629,NaN,20,Disko Elm
US,1989,625813200,37.2631,-116.4907,20,150,Hornitos
US,1989,627109200,37.1065,-116.0134,NaN,20,Muleshoe
US,1989,630133200,37,-116,NaN,40,Whiteface-A
US,1990,637045200,37.1125,-116.0552,20,150,Metropolis
US,1990,639374400,37,-116,NaN,20,Bowie
US,1990,645249600,37.2616,-116.4201,20,150,Bullion
US,1990,645940800,36.9928,-116.0045,NaN,20,Austin
US,1990,648878400,37.2069,-116.2143,NaN,40,Mineral Quarry
US,1990,653803200,37,-116,NaN,40,Sundown-A
US,1990,654408000,37,-116,NaN,20,Ledoux
US,1990,655704000,37.2479,-116.4942,20,150,Tenabo
US,1991,668408400,37.1044,-116.074,NaN,60,Coso-Bronze
US,1991,670741200,37.2961,-116.3129,20,150,Bexar
US,1991,671774400,37.2454,-116.4416,20,150,Montello
US,1991,682228800,37.0873,-116.0018,NaN,20,Floydada
US,1991,684820800,37.2256,-116.4281,20,150,Hoya
US,1991,685252800,37.2357,-116.1664,NaN,20,DistanTZenith
US,1991,687758400,37.0634,-116.0453,20,150,Lubbock
US,1992,701586000,37.2725,-116.3598,20,150,Junction
US,1992,704606400,37,-116,NaN,20,Diamond Fortune
US,1992,708926400,37.0054,-116.0101,NaN,20,Victoria
US,1992,709272000,37.1239,-116.0312,NaN,60,Galena-Yellow
US,1992,716788800,37.2069,-116.2099,NaN,20,Hunters Trophy
US,1992,717220800,37,-116,NaN,20,Divider
Unknown,1979,306820800,-46.36,37.57,NaN,NaN,-
